date_st,acc_br,acc_sw,lat,lon,speed,Trip,acc_lat_dr,participant
2025-01-06T21:56:47Z,-0.42,-0.010000000000000002,42.901518333333314,-88.149215,NA,53,-0.03,AF02
2025-01-20T03:07:39Z,-0.46,-0.010000000000000002,43.09403,-89.36234,6,66,-0.03,AF02
2025-01-23T17:58:37Z,-0.42,-0.02,43.07331333333332,-89.41137666666668,NA,80,-0.02,AF02
2025-02-20T04:55:12Z,-0.42,-0.01,43.07326166666668,-89.402235,2,120,0.02,AF02
2025-02-20T21:27:39Z,-0.42,-0.010000000000000002,42.985885,-88.08785333333331,NA,125,-0.04,AF02
2025-04-14T13:36:16Z,-0.42,0.14500000000000002,43.07517,-89.44738,12,223,-0.035,AF02
2025-04-26T15:32:00Z,-0.44,-0.04,43.077023333333315,-89.384,NA,258,0.03,AF02
2025-04-26T15:32:01Z,-0.44,-0.16,43.07699833333332,-89.384,12,258,0.03,AF02
2025-05-05T15:47:55Z,-0.43,-0.09,43.07354333333332,-89.433655,26,284,0,AF02
2025-05-05T15:47:57Z,-0.44,-0.08,43.07362,-89.43387666666669,44,284,0,AF02
2025-05-23T22:10:22Z,-0.42,0.02,43.02829333333331,-88.18556833333332,6,410,-0.02,AF02
2025-01-10T16:10:15Z,-0.7899999999999999,-0.03,43.072135,-89.412925,NA,1,0,AF03
2025-01-10T16:10:16Z,-0.8999999999999999,0.31,43.072135,-89.412925,NA,1,0,AF03
2025-01-10T16:10:17Z,-0.95,0.22,43.072135,-89.412925,NA,1,0,AF03
2025-01-10T16:10:18Z,-0.88,0.23,43.072135,-89.412925,NA,1,0,AF03
2025-01-10T16:10:19Z,-0.8899999999999999,0.23,43.072135,-89.412925,NA,1,0,AF03
2025-01-10T16:10:20Z,-0.97,0.21,43.072135,-89.412925,NA,1,0,AF03
2025-01-10T16:10:21Z,-0.91,0.2,43.072135,-89.412925,NA,1,0,AF03
2025-01-10T16:10:22Z,-0.8999999999999999,0.18,43.072135,-89.412925,NA,1,0,AF03
2025-01-10T16:10:23Z,-0.94,0.18,43.072135,-89.412925,NA,1,0,AF03
2025-01-10T16:10:24Z,-1.06,0.12,43.072135,-89.412925,NA,1,0,AF03
2025-01-10T16:10:25Z,-1,0.2,43.072135,-89.412925,NA,1,0,AF03
2025-01-10T16:10:26Z,-0.94,0.19,43.072135,-89.412925,NA,1,0,AF03
2025-01-10T16:10:27Z,-0.97,0.15,43.072135,-89.412925,NA,1,0,AF03
2025-01-10T16:10:28Z,-0.99,0.11,43.072135,-89.412925,NA,1,0,AF03
2025-01-10T16:10:29Z,-0.97,0.13,43.072135,-89.412925,NA,1,0,AF03
2025-01-10T16:10:30Z,-1.06,0.11,43.072135,-89.412925,NA,1,0,AF03
2025-01-10T16:10:31Z,-0.98,0.12,43.072135,-89.412925,NA,1,0,AF03
2025-01-10T16:10:32Z,-0.98,0.09,43.072135,-89.412925,NA,1,0,AF03
2025-01-10T16:10:33Z,-1,-0.04,43.072135,-89.412925,NA,1,0,AF03
2025-01-24T18:22:20Z,-0.46,0.11,43.07418333333331,-89.451315,27,2,-0.08,AF04
2025-01-24T23:37:39Z,-0.43,-0.06,43.07086,-89.40568833333332,NA,4,-0.06,AF04
2025-01-24T23:37:40Z,-0.46,-0.08000000000000002,43.07088333333331,-89.40569,10,4,-0.06,AF04
2025-01-25T20:50:08Z,-0.49,0.03,43.06080833333331,-89.45170833333331,NA,7,-0.1,AF04
2025-01-25T20:50:09Z,-0.51,-0.009999999999999997,43.06081,-89.45169166666668,9,7,-0.1,AF04
2025-01-25T20:50:10Z,-0.55,0,43.06080833333331,-89.45161166666668,26,7,-0.1,AF04
2025-01-25T20:51:28Z,-0.41999999999999993,-0.19,43.060768333333314,-89.43877166666668,26,7,-0.12,AF04
2025-01-25T20:51:29Z,-0.65,-0.08000000000000002,43.06080166666669,-89.43869,NA,7,-0.12,AF04
2025-01-25T20:51:30Z,-0.58,-0.32,43.06085666666668,-89.43857333333332,45,7,-0.12,AF04
2025-01-25T20:51:31Z,-0.5,-0.03,43.060948333333315,-89.43842333333332,62,7,-0.12,AF04
2025-01-25T20:57:11Z,-0.43,-0.12,43.076361666666685,-89.42134666666668,38,7,-0.05,AF04
2025-01-25T23:21:12Z,-0.42999999999999994,0.06,43.09204833333332,-89.33701666666668,8,8,-0.08,AF04
2025-01-25T23:21:13Z,-0.42999999999999994,0.28,43.09205666666668,-89.33698333333331,25,8,-0.08,AF04
2025-01-26T00:56:28Z,-0.42499999999999993,0,43.08628166666668,-89.375445,27,9,-0.05,AF04
2025-01-26T15:29:16Z,-0.5399999999999999,-0.33999999999999997,43.06094166666668,-89.40093,16,11,-0.08,AF04
2025-01-26T15:29:19Z,-0.5599999999999999,-0.54,43.06106333333332,-89.40073666666669,NA,11,-0.08,AF04
2025-01-26T15:29:20Z,-0.51,-0.15999999999999998,43.061173333333315,-89.40074,46,11,-0.08,AF04
2025-01-26T15:30:09Z,-0.46,0.28,43.06684833333331,-89.39488666666668,45,11,-0.11,AF04
2025-01-26T15:33:47Z,-0.6,0.03,43.07686333333332,-89.373405,NA,11,-0.08,AF04
2025-01-26T15:33:48Z,-0.8099999999999999,-0.039999999999999994,43.07688166666668,-89.37337666666669,18,11,-0.08,AF04
2025-01-26T15:33:49Z,-0.71,-0.14,43.07690333333332,-89.37332666666669,41,11,-0.08,AF04
2025-01-26T15:34:37Z,-0.53,0.02,43.07941333333332,-89.36981,9,11,-0.02,AF04
2025-01-26T16:21:15Z,-0.455,-0.51,43.07217833333331,-89.39012333333332,24,12,-0.06,AF04
2025-01-27T01:37:54Z,-0.5349999999999999,0.21,43.06715666666668,-89.41396333333331,18,16,-0.08,AF04
2025-01-27T01:57:24Z,-0.42999999999999994,-0.04,43.06767833333332,-89.40423833333332,NA,16,-0.04,AF04
2025-01-27T19:30:28Z,-0.475,-0.09000000000000001,43.07880666666668,-89.43048666666668,3,23,-0.05,AF04
2025-01-27T19:30:29Z,-0.435,-0.23000000000000004,43.07878333333332,-89.4305,15,23,-0.05,AF04
2025-01-28T00:49:17Z,-0.47,-0.01999999999999999,43.070975,-89.40571833333337,11,25,-0.07,AF04
2025-01-28T00:49:18Z,-0.75,-0.039999999999999994,43.070991666666686,-89.40572,NA,25,-0.07,AF04
2025-01-28T00:49:19Z,-0.6399999999999999,-0.13,43.071036666666686,-89.40571333333337,30,25,-0.07,AF04
2025-01-28T00:56:18Z,-0.45,-0.09,43.07731833333332,-89.418965,12,25,-0.06,AF04
2025-01-28T02:44:44Z,-0.41999999999999993,-0.010000000000000002,43.06685666666668,-89.39529166666668,12,27,-0.04,AF04
2025-01-29T03:16:14Z,-0.4700000000000001,-0.13,43.07643166666668,-89.41289,18,29,-0.07,AF04
2025-01-29T03:16:15Z,-0.7100000000000001,-0.03,43.07643,-89.412805,35,29,-0.07,AF04
2025-01-29T03:16:16Z,-0.64,-0.16,43.07642666666669,-89.41266666666668,52,29,-0.07,AF04
2025-01-30T02:18:33Z,-0.45,-0.020000000000000004,43.07105,-89.40395166666669,NA,30,-0.06,AF04
2025-01-30T02:19:58Z,-0.47,-0.0049999999999999975,43.074918333333315,-89.40624,8,30,-0.035,AF04
2025-01-30T02:19:59Z,-0.47,-0.05499999999999999,43.07495166666668,-89.40623333333332,20,30,-0.035,AF04
2025-01-30T03:27:23Z,-0.45000000000000007,-0.37,43.07660333333332,-89.41849666666668,5,31,-0.08,AF04
2025-01-30T03:28:24Z,-0.44,-0.07500000000000001,43.076455,-89.412795,29,31,-0.065,AF04
2025-01-30T03:28:25Z,-0.48999999999999994,-0.165,43.07645333333332,-89.41267333333332,40,31,-0.065,AF04
2025-01-31T01:35:05Z,-0.545,0.010000000000000007,43.07204666666668,-89.40572833333331,19,34,-0.07,AF04
2025-01-31T01:35:06Z,-0.45500000000000007,0.09000000000000001,43.07211666666669,-89.40572666666668,33,34,-0.07,AF04
2025-01-31T01:36:46Z,-0.43499999999999994,0.03,43.076465,-89.41258833333332,23,34,-0.09,AF04
2025-01-31T04:03:59Z,-0.53,0.020000000000000004,43.07646166666669,-89.412915,9,36,-0.07,AF04
2025-01-31T04:04:00Z,-0.74,-0.12,43.07646,-89.41286,29,36,-0.07,AF04
2025-01-31T04:04:01Z,-0.6199999999999999,-0.1,43.076455,-89.41273833333332,48,36,-0.07,AF04
2025-01-31T04:04:02Z,-0.51,-0.16999999999999998,43.07645333333332,-89.41257,60,36,-0.07,AF04
2025-01-31T04:06:27Z,-0.49,0,43.07222666666668,-89.40428333333337,NA,36,-0.03,AF04
2025-01-31T04:06:28Z,-0.6,-0.010000000000000002,43.07222666666668,-89.40428333333337,7,36,-0.03,AF04
2025-01-31T04:06:31Z,-0.48,-0.1,43.07223166666668,-89.40408166666668,36,36,-0.03,AF04
2025-01-31T04:06:36Z,-0.46,0,43.07223,-89.40326166666668,48,36,-0.03,AF04
2025-01-31T04:06:37Z,-0.42,0,43.072225,-89.40309333333332,56,36,-0.03,AF04
2025-01-31T04:07:27Z,-0.45,0.010000000000000007,43.07217833333331,-89.39339666666669,29,36,-0.07,AF04
2025-01-31T04:07:45Z,-0.42,-0.42,43.07106166666668,-89.39173166666669,22,36,-0.07,AF04
2025-01-31T22:38:45Z,-0.44500000000000006,0.02499999999999999,43.07632333333332,-89.46771833333337,NA,39,-0.095,AF04
2025-01-31T22:38:46Z,-0.44500000000000006,0.015,43.07630166666668,-89.46767166666669,17,39,-0.095,AF04
2025-01-31T22:38:47Z,-0.475,-0.04500000000000001,43.07626166666668,-89.46759,32,39,-0.095,AF04
2025-01-31T22:38:48Z,-0.45500000000000007,-0.04500000000000001,43.07621166666668,-89.467475,45,39,-0.095,AF04
2025-02-01T02:59:06Z,-0.48,0.04000000000000001,43.073495,-89.43400333333337,20,44,-0.07,AF04
2025-02-01T02:59:07Z,-0.48,-0.11,43.073475,-89.43392666666668,39,44,-0.07,AF04
2025-02-01T02:59:08Z,-0.49999999999999994,0,43.07344,-89.43379833333331,54,44,-0.07,AF04
2025-02-01T02:59:09Z,-0.4900000000000001,-0.009999999999999997,43.07339666666668,-89.43362666666668,NA,44,-0.07,AF04
2025-02-01T02:59:10Z,-0.44,0.020000000000000004,43.07333833333331,-89.43340666666668,70,44,-0.07,AF04
2025-02-01T21:49:47Z,-0.415,-0.15,43.076405,-89.41266,38,51,-0.07,AF04
2025-02-03T02:23:35Z,-0.5499999999999999,-0.11,43.07350166666669,-89.40618666666668,12,54,-0.07,AF04
2025-02-03T02:23:36Z,-0.65,-0.3,43.07348166666668,-89.40618166666668,30,54,-0.07,AF04
2025-02-03T02:23:37Z,-0.48,-0.29,43.07345833333332,-89.40616833333331,NA,54,-0.07,AF04
2025-02-03T02:23:59Z,-0.46,-0.27,43.07231,-89.40577166666668,8,54,-0.07,AF04
2025-02-03T02:25:17Z,-0.43499999999999994,-0.0049999999999999975,43.072156666666686,-89.40105333333332,4,54,-0.035,AF04
2025-02-04T03:32:51Z,-0.43,-0.21999999999999997,43.07644166666668,-89.412475,38,63,-0.07,AF04
2025-02-05T00:41:29Z,-0.455,-0.065,43.07103,-89.39175833333331,NA,67,-0.055,AF04
2025-02-05T00:41:30Z,-0.4449999999999999,-0.034999999999999996,43.070995,-89.39180166666668,22,67,-0.055,AF04
2025-02-05T00:43:07Z,-0.44,-0.03,43.070725,-89.39417166666668,1,67,-0.07,AF04
2025-02-05T00:43:08Z,-0.5,-0.48,43.07073,-89.39417166666668,12,67,-0.07,AF04
2025-02-05T00:45:46Z,-0.46,-0.06,43.07118166666669,-89.40571166666669,31,67,-0.06,AF04
2025-02-06T02:55:54Z,-0.41999999999999993,-0.52,43.06485833333332,-89.41742,17,70,-0.04,AF04
2025-02-07T01:11:26Z,-0.43499999999999994,0.034999999999999996,43.074755,-89.43840166666669,7,73,-0.045,AF04
2025-02-07T03:39:30Z,-0.475,-0.11,43.076415,-89.41269833333337,NA,76,-0.09,AF04
2025-02-07T03:39:31Z,-0.43499999999999994,-0.19000000000000003,43.07641166666669,-89.41256166666668,48,76,-0.09,AF04
2025-02-07T05:13:14Z,-0.46,-0.034999999999999996,43.072115,-89.40106,15,77,-0.055,AF04
2025-02-07T05:13:15Z,-0.48,-0.025,43.072145,-89.40098666666668,29,77,-0.055,AF04
2025-02-07T05:13:16Z,-0.46,0.0049999999999999975,43.072143333333315,-89.40086833333332,NA,77,-0.055,AF04
2025-02-09T02:14:09Z,-0.45000000000000007,-0.18,43.076485,-89.41270166666669,30,80,-0.07,AF04
2025-02-09T02:14:10Z,-0.56,-0.2,43.07648,-89.41257,44,80,-0.07,AF04
2025-02-09T15:40:01Z,-0.4149999999999999,-0.33,43.06098333333331,-89.40076333333332,25,82,-0.07,AF04
2025-02-09T15:40:02Z,-0.595,-0.27999999999999997,43.061045,-89.40073666666669,NA,82,-0.07,AF04
2025-02-09T15:40:03Z,-0.605,-0.13,43.06114,-89.400715,41,82,-0.07,AF04
2025-02-09T15:40:19Z,-0.42499999999999993,0.060000000000000005,43.06308,-89.400495,50,82,-0.07,AF04
2025-02-09T15:40:20Z,-0.4449999999999999,0.04000000000000001,43.06318666666668,-89.40036833333332,64,82,-0.07,AF04
2025-02-09T15:40:21Z,-0.4449999999999999,0.03000000000000001,43.06331,-89.40020666666669,77,82,-0.07,AF04
2025-02-09T15:40:58Z,-0.625,0.020000000000000004,43.06680333333331,-89.39517333333332,NA,82,-0.07,AF04
2025-02-09T15:40:59Z,-0.615,0.23,43.06682333333332,-89.395145,19,82,-0.07,AF04
2025-02-09T15:41:01Z,-0.44,0.38,43.06685,-89.39492,45,82,-0.1,AF04
2025-02-09T16:28:35Z,-0.52,0.07,43.068558333333314,-89.384755,4,83,-0.07,AF04
2025-02-09T16:28:36Z,-0.64,0.23,43.06854833333331,-89.38478166666668,19,83,-0.07,AF04
2025-02-09T16:28:37Z,-0.43999999999999995,0.44,43.06853,-89.38487166666668,37,83,-0.07,AF04
2025-02-10T17:50:18Z,-0.42,0.15,43.069665,-89.40765833333332,15,90,-0.04,AF04
2025-02-12T01:08:21Z,-0.42499999999999993,0.025,43.07098333333332,-89.39177333333332,19,93,-0.065,AF04
2025-02-12T03:21:43Z,-0.495,-0.16999999999999998,43.07644166666668,-89.41272333333332,36,94,-0.07,AF04
2025-02-12T03:21:44Z,-0.525,-0.21,43.07644,-89.41255333333332,50,94,-0.07,AF04
2025-02-12T03:23:33Z,-0.43999999999999995,-0.21999999999999997,43.073541666666685,-89.406205,15,94,-0.07,AF04
2025-02-12T03:23:34Z,-0.43999999999999995,-0.21999999999999997,43.07350333333332,-89.40618833333332,NA,94,-0.07,AF04
2025-02-14T01:26:29Z,-0.46,-0.014999999999999986,43.07493333333332,-89.40621833333331,19,97,-0.07500000000000001,AF04
2025-02-14T03:16:35Z,-0.53,0.03,43.07647333333331,-89.416115,0,98,-0.08,AF04
2025-02-14T03:16:36Z,-0.7,0,43.07647166666669,-89.416115,11,98,-0.08,AF04
2025-02-14T03:16:37Z,-0.71,-0.03,43.07647,-89.416055,37,98,-0.08,AF04
2025-02-14T03:16:38Z,-0.55,0.009999999999999997,43.07646833333332,-89.41592833333331,53,98,-0.08,AF04
2025-02-14T03:17:16Z,-0.475,-0.07500000000000001,43.07667333333332,-89.410685,54,98,-0.065,AF04
2025-02-14T03:18:08Z,-0.5599999999999999,-0.06999999999999999,43.07525666666668,-89.40622833333332,3,98,-0.08,AF04
2025-02-14T03:18:09Z,-0.6,-0.13,43.07523,-89.406235,22,98,-0.08,AF04
2025-02-14T03:18:10Z,-0.59,-0.11,43.075156666666686,-89.40623833333332,42,98,-0.08,AF04
2025-02-14T03:18:11Z,-0.41999999999999993,-0.06999999999999999,43.07504,-89.40623666666669,55,98,-0.08,AF04
2025-02-14T03:19:31Z,-0.52,0,43.07221666666669,-89.40425166666668,NA,98,-0.04,AF04
2025-02-14T03:19:32Z,-0.5299999999999999,-0.010000000000000002,43.07221333333331,-89.404245,16,98,-0.04,AF04
2025-02-14T03:19:33Z,-0.43999999999999995,-0.05,43.07221333333331,-89.40417,31,98,-0.04,AF04
2025-02-15T16:59:34Z,-0.45,-0.03,43.06772833333332,-89.40420666666668,21,104,-0.02,AF04
2025-02-15T17:00:51Z,-0.45,-0.06999999999999999,43.06707666666668,-89.39539,10,104,-0.08,AF04
2025-02-15T22:31:44Z,-0.45,-0.05,43.106645,-89.35469,14,108,0,AF04
2025-02-15T22:32:42Z,-0.47,-0.025,43.112525,-89.35328666666669,34,108,-0.055,AF04
2025-02-15T22:32:43Z,-0.46,0.0049999999999999975,43.11245833333332,-89.353175,47,108,-0.055,AF04
2025-02-15T23:09:56Z,-0.5399999999999999,-0.01,43.11907333333332,-89.321325,16,109,-0.01,AF04
2025-02-15T23:09:57Z,-0.51,-0.04,43.11904,-89.32137166666669,32,109,-0.01,AF04
2025-02-16T01:26:53Z,-0.4300000000000001,-0.039999999999999994,43.07199833333331,-89.39608166666667,31,111,-0.05,AF04
2025-02-16T01:26:54Z,-0.45,-0.020000000000000004,43.07199166666668,-89.39594833333331,43,111,-0.05,AF04
2025-02-17T02:14:29Z,-0.615,-0.035,43.07645833333332,-89.41581333333332,NA,114,-0.065,AF04
2025-02-17T02:14:30Z,-0.455,-0.045,43.076455,-89.415625,61,114,-0.065,AF04
2025-02-17T02:14:58Z,-0.445,0.035,43.07646166666669,-89.41291,2,114,-0.065,AF04
2025-02-17T02:14:59Z,-0.5349999999999999,-0.02499999999999999,43.07646166666669,-89.41290333333332,18,114,-0.065,AF04
2025-02-17T02:15:00Z,-0.6399999999999999,-0.039999999999999994,43.07646333333332,-89.41282833333332,38,114,-0.07,AF04
2025-02-17T02:15:01Z,-0.6200000000000001,-0.16,43.076465,-89.41271833333332,53,114,-0.07,AF04
2025-02-17T02:18:40Z,-0.47,-0.06,43.07209,-89.397655,19,114,-0.02,AF04
2025-02-17T02:18:41Z,-0.48,0,43.072093333333314,-89.39757666666668,33,114,-0.02,AF04
2025-02-17T02:18:53Z,-0.5,-0.03,43.07203166666669,-89.39605833333331,NA,114,-0.02,AF04
2025-02-17T02:18:54Z,-0.45,-0.05,43.07203,-89.39604,7,114,-0.02,AF04
2025-02-17T19:37:30Z,-0.42,-0.03,43.07115,-89.405755,NA,117,-0.08,AF04
2025-02-17T19:37:31Z,-0.42,-0.32,43.071135,-89.40575666666669,18,117,-0.08,AF04
2025-02-18T02:20:57Z,-0.49,0.020000000000000004,43.07483333333331,-89.40617666666668,NA,119,-0.07,AF04
2025-02-20T03:20:37Z,-0.5700000000000001,-0.12,43.07644666666668,-89.41263833333332,33,125,-0.07,AF04
2025-02-20T03:20:38Z,-0.49,-0.11,43.07644166666668,-89.41251833333331,48,125,-0.07,AF04
2025-02-20T22:27:00Z,-0.5,-0.44,43.07045,-89.38785333333331,NA,127,-0.02,AF04
2025-02-20T22:27:01Z,-0.54,-0.52,43.070475,-89.38783333333332,20,127,-0.02,AF04
2025-02-20T22:50:10Z,-0.425,-0.045,43.07103,-89.39172666666668,11,128,-0.065,AF04
2025-02-20T23:15:39Z,-0.5,0,43.035145,-89.40782,20,128,-0.06,AF04
2025-02-20T23:15:40Z,-0.4700000000000001,0.05,43.035113333333314,-89.40791666666668,37,128,-0.06,AF04
2025-02-22T01:52:30Z,-0.44000000000000006,0.020000000000000004,43.067695,-89.41390166666667,16,133,-0.08,AF04
2025-02-22T02:52:46Z,-0.595,0.04000000000000001,43.07644,-89.41291833333332,NA,134,-0.07,AF04
2025-02-22T02:52:47Z,-0.675,-0.14,43.07644166666668,-89.4129,19,134,-0.07,AF04
2025-02-22T02:52:48Z,-0.675,-0.04999999999999999,43.076438333333314,-89.41279833333331,40,134,-0.07,AF04
2025-02-22T02:52:49Z,-0.48499999999999993,-0.11,43.076435,-89.41263666666669,56,134,-0.07,AF04
2025-02-22T02:54:25Z,-0.42999999999999994,-0.1,43.07349333333332,-89.406165,NA,134,-0.07,AF04
2025-02-22T02:54:26Z,-0.41999999999999993,-0.25,43.07347833333331,-89.406155,19,134,-0.07,AF04
2025-02-22T02:54:50Z,-0.48,-0.26,43.07231,-89.40573,7,134,-0.07,AF04
2025-02-22T20:25:06Z,-0.44000000000000006,-0.020000000000000004,43.07103333333332,-89.403945,23,135,-0.05,AF04
2025-02-22T20:25:07Z,-0.4600000000000001,-0.03,43.07103833333332,-89.40402666666668,36,135,-0.05,AF04
2025-02-22T22:59:51Z,-0.41999999999999993,-0.05,43.075435,-89.45091,31,136,-0.03,AF04
2025-02-22T22:59:52Z,-0.49,-0.04000000000000001,43.07542833333332,-89.451055,45,136,-0.03,AF04
2025-02-22T22:59:53Z,-0.45,-0.08,43.07542833333332,-89.45121333333331,56,136,-0.03,AF04
2025-02-23T01:41:16Z,-0.45000000000000007,-0.12,43.07640333333332,-89.41289,12,138,-0.07,AF04
2025-02-23T01:41:17Z,-0.48,-0.039999999999999994,43.07639833333331,-89.41281333333332,27,138,-0.07,AF04
2025-02-23T01:41:18Z,-0.55,-0.16999999999999998,43.07639833333331,-89.41269,41,138,-0.07,AF04
2025-02-23T16:11:21Z,-0.43999999999999995,0.039999999999999994,43.06859833333331,-89.38467833333331,2,141,-0.06,AF04
2025-02-23T16:11:22Z,-0.5399999999999999,0.12,43.068585,-89.384695,16,141,-0.06,AF04
2025-02-25T00:15:46Z,-0.5,-0.08,43.07325,-89.405895,15,145,-0.01,AF04
2025-02-25T00:15:47Z,-0.47,-0.07,43.07329166666669,-89.405945,29,145,-0.01,AF04
2025-02-25T00:16:13Z,-0.42,0.0049999999999999906,43.075066666666686,-89.40626,35,145,-0.08499999999999999,AF04
2025-02-25T00:17:19Z,-0.415,0.020000000000000004,43.07648,-89.41263333333332,24,145,-0.1,AF04
2025-02-25T00:17:41Z,-0.42499999999999993,0.010000000000000007,43.07648833333331,-89.415795,3,145,-0.1,AF04
2025-02-25T00:17:42Z,-0.495,0,43.076483333333314,-89.41582333333338,16,145,-0.1,AF04
2025-02-25T00:17:43Z,-0.455,-0.01999999999999999,43.076483333333314,-89.415905,33,145,-0.1,AF04
2025-02-25T00:17:44Z,-0.4449999999999999,-0.009999999999999997,43.07648166666668,-89.41602833333332,46,145,-0.1,AF04
2025-02-25T00:17:45Z,-0.4449999999999999,0.020000000000000004,43.076485,-89.41619,57,145,-0.1,AF04
2025-02-25T00:18:22Z,-0.42999999999999994,-0.0050000000000000044,43.07654833333332,-89.42125333333337,NA,145,-0.065,AF04
2025-02-25T00:18:25Z,-0.49,-0.02499999999999999,43.076545,-89.42146,35,145,-0.065,AF04
2025-02-25T00:18:26Z,-0.41999999999999993,-0.035,43.07654333333332,-89.42160333333331,46,145,-0.065,AF04
2025-02-25T02:59:47Z,-0.4600000000000001,0.020000000000000004,43.076435,-89.41292666666669,17,147,-0.07,AF04
2025-02-26T01:30:43Z,-0.45,-0.03,43.070915,-89.39752833333331,36,151,-0.06,AF04
2025-02-27T01:45:45Z,-0.55,0,43.07098666666669,-89.39168833333332,12,156,-0.07,AF04
2025-02-27T01:45:46Z,-0.47,0,43.07096166666668,-89.391725,27,156,-0.07,AF04
2025-03-01T01:57:26Z,-0.49,-0.12,43.07101,-89.39176666666668,8,160,-0.04,AF04
2025-03-01T01:57:27Z,-0.47,-0.12,43.070975,-89.39180833333332,26,160,-0.04,AF04
2025-03-01T01:57:28Z,-0.42999999999999994,0.03,43.07091333333331,-89.39187666666669,38,160,-0.04,AF04
2025-03-01T01:59:10Z,-0.49,-0.04000000000000001,43.07091833333332,-89.39741166666668,24,160,-0.06,AF04
2025-03-01T01:59:11Z,-0.46,-0.020000000000000004,43.07091833333332,-89.39749833333332,NA,160,-0.06,AF04
2025-03-01T04:15:10Z,-0.5349999999999999,-0.07499999999999998,43.07196833333332,-89.39568166666669,12,162,-0.07500000000000001,AF04
2025-03-01T04:15:11Z,-0.4950000000000001,0.085,43.07198333333332,-89.39562166666668,27,162,-0.07500000000000001,AF04
2025-03-01T20:32:16Z,-0.4300000000000001,-0.45,43.07073166666669,-89.39415166666669,10,164,-0.08,AF04
2025-03-01T20:33:37Z,-0.5,-0.05,43.07100166666669,-89.40058666666668,10,164,-0.05,AF04
2025-03-01T20:33:38Z,-0.63,-0.06,43.07100666666668,-89.40065666666669,25,164,-0.05,AF04
2025-03-02T02:30:18Z,-0.46,-0.11,43.067753333333314,-89.41276333333332,27,166,-0.07,AF04
2025-03-02T02:33:30Z,-0.47,0,43.06762833333332,-89.40132166666669,1,166,-0.05,AF04
2025-03-02T02:33:31Z,-0.63,-0.020000000000000004,43.06762833333332,-89.401315,NA,166,-0.05,AF04
2025-03-02T02:33:32Z,-0.59,-0.03,43.06762666666668,-89.40124333333331,22,166,-0.05,AF04
2025-03-02T02:33:33Z,-0.58,-0.08,43.067625,-89.40111833333332,40,166,-0.05,AF04
2025-03-02T16:35:03Z,-0.51,-0.025,43.06915166666669,-89.38594,NA,169,-0.015,AF04
2025-03-02T16:35:04Z,-0.51,-0.05500000000000001,43.069155,-89.385945,11,169,-0.015,AF04
2025-03-02T16:35:05Z,-0.45,-0.045,43.06919166666668,-89.38599333333332,29,169,-0.015,AF04
2025-03-02T16:35:06Z,-0.42999999999999994,-0.025,43.06924333333332,-89.38607333333331,43,169,-0.015,AF04
2025-03-02T23:05:20Z,-0.42,0.010000000000000002,43.07250166666668,-89.408925,NA,172,-0.04,AF04
2025-03-02T23:05:21Z,-0.54,-0.010000000000000002,43.07251,-89.40892166666669,12,172,-0.04,AF04
2025-03-02T23:05:22Z,-0.48,-0.09,43.07256166666669,-89.40892166666669,28,172,-0.04,AF04
2025-03-02T23:05:48Z,-0.46,-0.010000000000000002,43.07324166666669,-89.40889166666668,NA,172,-0.04,AF04
2025-03-02T23:05:49Z,-0.49999999999999994,-0.16,43.07324,-89.40889,10,172,-0.04,AF04
2025-03-02T23:05:54Z,-0.43,0.03,43.07340833333332,-89.409205,37,172,-0.04,AF04
2025-03-02T23:05:55Z,-0.45,0.08,43.07340833333332,-89.40936833333332,50,172,-0.04,AF04
2025-03-02T23:08:20Z,-0.46,-0.01,43.07482333333331,-89.438575,2,172,-0.01,AF04
2025-03-02T23:08:21Z,-0.48,-0.03,43.074828333333315,-89.43859833333332,17,172,-0.01,AF04
2025-03-02T23:09:05Z,-0.45,0.01,43.07525666666668,-89.44343666666668,4,172,-0.02,AF04
2025-03-02T23:09:06Z,-0.45,0.01,43.07525666666668,-89.44346833333331,17,172,-0.02,AF04
2025-03-02T23:58:07Z,-0.4900000000000001,0.020000000000000004,43.077215,-89.42902333333332,1,174,-0.07,AF04
2025-03-02T23:58:08Z,-0.46,-0.19,43.07720833333332,-89.42902166666669,NA,174,-0.07,AF04
2025-03-02T23:59:20Z,-0.46,0.03000000000000001,43.07649166666668,-89.42036166666668,0,174,-0.07,AF04
2025-03-02T23:59:21Z,-0.49,0.020000000000000004,43.07648666666668,-89.42036166666668,5,174,-0.07,AF04
2025-03-03T00:48:19Z,-0.44000000000000006,-0.11500000000000002,43.07223,-89.40565666666669,11,175,-0.025,AF04
2025-03-03T00:48:20Z,-0.49,-0.045000000000000005,43.072228333333314,-89.40560333333332,22,175,-0.025,AF04
2025-03-03T00:49:05Z,-0.4950000000000001,0,43.072245,-89.40426166666668,NA,175,-0.03,AF04
2025-03-03T00:49:06Z,-0.485,-0.05,43.072245,-89.40425333333332,14,175,-0.03,AF04
2025-03-05T03:58:40Z,-0.4300000000000001,0.01,43.07211333333332,-89.39778833333332,NA,181,-0.01,AF04
2025-03-07T03:25:02Z,-0.42,-0.42,43.07251333333332,-89.42468333333332,8,185,-0.08,AF04
2025-03-07T03:25:03Z,-0.48,-0.91,43.07249666666668,-89.42467833333332,24,185,-0.08,AF04
2025-03-08T01:22:08Z,-0.4950000000000001,0,43.07137666666668,-89.39040333333337,8,186,-0.06,AF04
2025-03-08T01:22:09Z,-0.5449999999999999,0,43.07137666666668,-89.39040333333337,23,186,-0.06,AF04
2025-03-08T03:46:19Z,-0.4300000000000001,-0.245,43.07644,-89.41269166666669,36,189,-0.055,AF04
2025-03-08T03:48:36Z,-0.43999999999999995,-0.010000000000000002,43.07216166666669,-89.404325,8,189,-0.03,AF04
2025-03-09T01:25:58Z,-0.43999999999999995,-0.009999999999999997,43.07651166666668,-89.42123333333332,7,196,-0.05,AF04
2025-03-10T00:21:01Z,-0.42,0.019999999999999997,43.071715,-89.40537,6,198,-0.03,AF04
2025-03-10T01:21:28Z,-0.42999999999999994,-0.039999999999999994,43.07647833333331,-89.416035,18,199,-0.05,AF04
2025-03-10T01:21:29Z,-0.42999999999999994,0,43.076475,-89.41594333333332,31,199,-0.05,AF04
2025-03-10T01:22:04Z,-0.505,-0.020000000000000004,43.07643666666668,-89.41275,33,199,-0.08,AF04
2025-03-10T01:22:05Z,-0.5950000000000001,-0.11,43.076435,-89.41264,47,199,-0.08,AF04
2025-03-10T01:22:06Z,-0.415,-0.2,43.07642833333331,-89.41246666666669,55,199,-0.08,AF04
2025-03-10T23:12:03Z,-0.48,-0.009999999999999997,43.06977666666669,-89.393995,NA,203,-0.05,AF04
2025-03-11T23:46:54Z,-0.4300000000000001,0,43.07130833333332,-89.39026333333331,5,207,-0.06,AF04
2025-03-11T23:46:55Z,-0.5,-0.010000000000000007,43.07130833333332,-89.39026333333331,20,207,-0.06,AF04
2025-03-11T23:48:37Z,-0.41999999999999993,0,43.06717833333332,-89.39496,NA,207,-0.04,AF04
2025-03-11T23:48:38Z,-0.47,-0.010000000000000002,43.067175,-89.394965,8,207,-0.04,AF04
2025-03-11T23:48:39Z,-0.45,-0.010000000000000002,43.067141666666686,-89.39501166666668,25,207,-0.04,AF04
2025-03-14T01:17:34Z,-0.5499999999999999,0,43.070165,-89.39297166666668,8,212,-0.05,AF04
2025-03-14T01:17:35Z,-0.5399999999999999,-0.09000000000000001,43.070165,-89.39297166666668,24,212,-0.05,AF04
2025-03-14T02:49:26Z,-0.45,0,43.07217,-89.401075,NA,213,-0.01,AF04
2025-03-14T02:49:27Z,-0.43999999999999995,-0.019999999999999997,43.07217666666668,-89.401055,12,213,-0.01,AF04
2025-03-14T02:49:28Z,-0.43999999999999995,-0.060000000000000005,43.07217833333331,-89.401015,30,213,-0.01,AF04
2025-03-15T16:19:48Z,-0.43499999999999994,0.009999999999999997,43.07647833333331,-89.41582,NA,216,-0.06,AF04
2025-03-15T17:54:41Z,-0.44000000000000006,-0.05,43.07643333333331,-89.41283333333337,18,218,-0.06,AF04
2025-03-15T17:54:42Z,-0.64,-0.05,43.07643166666668,-89.41275166666668,39,218,-0.06,AF04
2025-03-15T17:54:43Z,-0.56,-0.1,43.07643166666668,-89.41262333333331,54,218,-0.06,AF04
2025-03-15T17:56:27Z,-0.42,-0.2,43.07355333333332,-89.40620833333332,21,218,-0.04,AF04
2025-03-15T22:00:28Z,-0.42,0.22,43.112575,-89.35353666666668,20,222,-0.04,AF04
2025-03-15T22:00:29Z,-0.47,0.3,43.11258333333332,-89.35345666666669,35,222,-0.04,AF04
2025-03-15T22:00:30Z,-0.5700000000000001,-0.03000000000000001,43.11255333333332,-89.35334333333331,50,222,-0.04,AF04
2025-03-15T22:00:31Z,-0.44,-0.07,43.11247,-89.35321333333331,NA,222,-0.04,AF04
2025-03-16T12:58:40Z,-0.42999999999999994,-0.009999999999999997,43.06715666666668,-89.39494833333332,22,226,-0.05,AF04
2025-03-16T12:58:41Z,-0.47,0.03,43.067115,-89.39500666666669,35,226,-0.05,AF04
2025-03-16T12:58:42Z,-0.48,-0.009999999999999997,43.06705333333332,-89.395095,48,226,-0.05,AF04
2025-03-16T14:18:07Z,-0.5,-0.33999999999999997,43.067705,-89.40264166666668,27,227,-0.07,AF04
2025-03-16T14:18:08Z,-0.5299999999999999,-0.03,43.06772666666669,-89.40276166666669,40,227,-0.07,AF04
2025-03-16T14:18:09Z,-0.43999999999999995,0,43.067721666666685,-89.40292166666669,54,227,-0.07,AF04
2025-03-17T23:12:53Z,-0.42999999999999994,-0.020000000000000004,43.070975,-89.40058,13,232,-0.03,AF04
2025-03-17T23:15:59Z,-0.41999999999999993,-0.05,43.074925,-89.40623,10,232,0,AF04
2025-03-19T22:33:00Z,-0.45,-0.06999999999999999,43.06959333333331,-89.39208666666669,14,237,-0.05,AF04
2025-03-21T01:07:07Z,-0.4600000000000001,-0.09,43.07641666666669,-89.41263333333332,42,241,-0.06,AF04
2025-03-22T00:25:52Z,-0.44,-0.039999999999999994,43.07208666666668,-89.40573833333332,25,242,-0.05,AF04
2025-03-23T02:08:48Z,-0.475,0.03,43.07486833333331,-89.439015,NA,250,-0.02,AF04
2025-03-23T02:08:49Z,-0.5349999999999999,-0.02,43.07485333333331,-89.43896166666669,19,250,-0.02,AF04
2025-03-23T02:08:50Z,-0.5349999999999999,0,43.074828333333315,-89.43886833333332,35,250,-0.02,AF04
2025-03-23T02:08:51Z,-0.485,0,43.07478833333331,-89.43871,51,250,-0.02,AF04
2025-03-23T02:08:52Z,-0.4149999999999999,-0.009999999999999998,43.07474,-89.43852333333331,65,250,-0.02,AF04
2025-03-23T02:08:53Z,-0.465,-0.02,43.07468166666668,-89.43828166666668,78,250,-0.02,AF04
2025-03-24T00:56:59Z,-0.5,-0.04000000000000001,43.07647833333331,-89.41284,16,257,-0.06,AF04
2025-03-24T00:57:00Z,-0.56,-0.09,43.07646833333332,-89.41275333333331,31,257,-0.06,AF04
2025-03-24T00:57:01Z,-0.5800000000000001,-0.21,43.07646333333332,-89.41262,47,257,-0.06,AF04
2025-03-24T00:57:02Z,-0.46,-0.33,43.07645833333332,-89.41242333333332,61,257,-0.06,AF04
2025-03-26T01:14:31Z,-0.535,-0.09000000000000001,43.076455,-89.41280666666668,22,269,-0.05,AF04
2025-03-26T01:14:32Z,-0.475,-0.18,43.07645,-89.4127,41,269,-0.05,AF04
2025-03-26T01:14:33Z,-0.45500000000000007,-0.15000000000000002,43.07644666666668,-89.41254666666669,53,269,-0.05,AF04
2025-03-26T01:16:33Z,-0.43999999999999995,0,43.07362,-89.40622833333332,NA,269,-0.04,AF04
2025-03-26T01:18:37Z,-0.46,0.005,43.072098333333315,-89.39767833333332,NA,269,-0.005,AF04
2025-03-26T01:18:38Z,-0.49,-0.005,43.072098333333315,-89.39767666666668,6,269,-0.005,AF04
2025-03-26T01:18:39Z,-0.49,-0.005,43.072105,-89.39762,21,269,-0.005,AF04
2025-03-26T01:18:54Z,-0.48,-0.035,43.07201666666669,-89.39606833333332,5,269,-0.005,AF04
2025-03-26T01:18:55Z,-0.42,-0.035,43.072015,-89.39601,19,269,-0.005,AF04
2025-03-26T01:18:56Z,-0.46,-0.035,43.07201666666669,-89.39590666666669,32,269,-0.005,AF04
2025-03-26T01:18:57Z,-0.46,-0.035,43.072015,-89.395775,46,269,-0.005,AF04
2025-03-29T00:03:36Z,-0.42999999999999994,-0.015,43.07493666666669,-89.40622,19,278,-0.065,AF04
2025-03-29T00:03:54Z,-0.41999999999999993,-0.215,43.075945,-89.405935,8,278,-0.065,AF04
2025-03-29T01:00:13Z,-0.43999999999999995,-0.07,43.07660833333331,-89.41849833333332,9,279,-0.06,AF04
2025-03-29T01:00:14Z,-0.43999999999999995,-0.52,43.07659666666669,-89.41849666666668,NA,279,-0.06,AF04
2025-03-29T01:00:15Z,-0.41999999999999993,-0.56,43.07653333333331,-89.41847333333331,23,279,-0.06,AF04
2025-03-29T01:00:17Z,-0.42999999999999994,-0.2,43.07648166666668,-89.41827166666668,44,279,-0.06,AF04
2025-03-29T01:00:38Z,-0.43999999999999995,0,43.07647166666669,-89.41610666666668,17,279,-0.06,AF04
2025-03-29T01:00:39Z,-0.47,-0.020000000000000004,43.07646833333332,-89.41602666666668,35,279,-0.06,AF04
2025-03-29T01:00:40Z,-0.41999999999999993,-0.03,43.07646833333332,-89.41590666666669,47,279,-0.06,AF04
2025-03-29T01:01:09Z,-0.48,-0.08000000000000002,43.076445,-89.41270333333333,35,279,-0.06,AF04
2025-03-29T17:56:59Z,-0.51,-0.03,43.07098333333332,-89.391775,23,283,-0.06,AF04
2025-03-29T22:10:54Z,-0.415,-0.065,43.07215166666669,-89.40558166666668,35,287,-0.045,AF04
2025-03-29T22:53:59Z,-0.4950000000000001,-0.065,43.07393666666668,-89.436205,12,288,-0.105,AF04
2025-03-29T22:54:00Z,-0.42999999999999994,-0.41,43.073991666666686,-89.43619666666669,26,288,-0.04,AF04
2025-03-29T22:54:04Z,-0.41999999999999993,-0.04,43.07427333333331,-89.436525,59,288,-0.04,AF04
2025-03-29T23:20:32Z,-0.47,-0.23000000000000004,43.07510333333332,-89.45416666666668,NA,289,-0.05,AF04
2025-03-29T23:20:33Z,-0.4900000000000001,0.010000000000000002,43.07511333333332,-89.45407166666669,30,289,-0.05,AF04
2025-03-29T23:22:42Z,-0.48499999999999993,-0.03000000000000001,43.07519166666668,-89.44406666666669,NA,289,-0.04,AF04
2025-03-29T23:22:43Z,-0.415,0,43.075195,-89.44404666666668,17,289,-0.04,AF04
2025-03-30T14:25:52Z,-0.47,-0.5349999999999999,43.06757666666668,-89.40252,23,291,-0.045,AF04
2025-03-30T14:25:54Z,-0.43999999999999995,-0.6649999999999999,43.06766666666668,-89.40265833333332,NA,291,-0.045,AF04
2025-03-30T14:25:55Z,-0.41999999999999993,-0.115,43.06766666666668,-89.402795,42,291,-0.045,AF04
2025-03-30T14:44:55Z,-0.44,-0.009999999999999998,43.067655,-89.40424666666668,NA,292,-0.02,AF04
2025-03-30T22:52:14Z,-0.4600000000000001,0.0050000000000000044,43.07205833333332,-89.40569166666668,NA,295,-0.035,AF04
2025-03-30T23:46:35Z,-0.48,-0.09000000000000001,43.07646833333332,-89.41571166666668,55,296,-0.05,AF04
2025-03-30T23:46:59Z,-0.55,-0.11,43.076438333333314,-89.41283666666669,20,296,-0.05,AF04
2025-03-30T23:47:00Z,-0.595,-0.009999999999999997,43.076438333333314,-89.412745,38,296,-0.07,AF04
2025-03-30T23:47:01Z,-0.595,-0.14,43.076435,-89.41259833333332,53,296,-0.07,AF04
2025-03-31T23:02:58Z,-0.48,0,43.07198,-89.40572833333331,4,297,-0.04,AF04
2025-03-31T23:02:59Z,-0.51,0.010000000000000002,43.07199333333332,-89.40573166666668,20,297,-0.04,AF04
2025-03-31T23:03:00Z,-0.42999999999999994,0.03,43.07209,-89.40573166666668,33,297,0.01,AF04
2025-04-01T01:31:21Z,-0.47,0.015000000000000005,43.07643666666668,-89.41291,NA,299,-0.035,AF04
2025-04-01T01:31:22Z,-0.67,-0.115,43.07643666666668,-89.41290333333332,7,299,-0.035,AF04
2025-04-01T01:31:23Z,-0.72,-0.08499999999999999,43.076438333333314,-89.41282166666669,26,299,-0.035,AF04
2025-04-01T01:31:24Z,-0.52,-0.08499999999999999,43.07644166666668,-89.41268333333332,47,299,-0.035,AF04
2025-04-02T00:11:38Z,-0.42999999999999994,-0.035,43.076465,-89.41257,NA,300,-0.065,AF04
2025-04-02T01:34:04Z,-0.51,-0.14,43.076435,-89.41267166666668,44,301,-0.06,AF04
2025-04-02T01:37:30Z,-0.48,-0.03,43.07217333333332,-89.400805,24,301,-0.02,AF04
2025-04-02T01:37:31Z,-0.5,-0.009999999999999998,43.07217166666669,-89.40075333333331,NA,301,-0.02,AF04
2025-04-02T01:37:32Z,-0.5199999999999999,-0.009999999999999998,43.07216666666669,-89.40056666666669,48,301,-0.02,AF04
2025-04-02T01:37:33Z,-0.42999999999999994,-0.009999999999999998,43.07216,-89.40039,63,301,-0.02,AF04
2025-04-03T02:11:56Z,-0.465,-0.24,43.072175,-89.404405,16,304,-0.04,AF04
2025-04-03T02:11:57Z,-0.5049999999999999,-0.24,43.072165,-89.40433166666668,34,304,-0.04,AF04
2025-04-03T23:55:45Z,-0.42,0.13,43.07492333333332,-89.40624666666668,25,306,-0.06,AF04
2025-04-04T00:59:06Z,-0.51,0.010000000000000002,43.07644,-89.41295833333331,4,307,-0.04,AF04
2025-04-04T00:59:07Z,-0.65,-0.07999999999999999,43.07644166666668,-89.41290833333332,23,307,-0.04,AF04
2025-04-04T00:59:08Z,-0.5700000000000001,-0.060000000000000005,43.07644166666668,-89.41279833333331,44,307,-0.04,AF04
2025-04-05T01:28:12Z,-0.5149999999999999,-0.19,43.07645666666669,-89.41269666666668,42,310,-0.06,AF04
2025-04-05T22:30:24Z,-0.415,0.009999999999999998,43.07333666666669,-89.40723333333332,8,313,-0.03,AF04
2025-04-05T22:32:32Z,-0.47,0.019999999999999997,43.07314666666669,-89.42868,1,313,0.01,AF04
2025-04-05T22:32:35Z,-0.6200000000000001,-0.13,43.07320833333331,-89.42880833333331,NA,313,0.01,AF04
2025-04-05T22:32:36Z,-0.43,0.04,43.073315,-89.42882333333331,34,313,0.01,AF04
2025-04-05T23:00:12Z,-0.43499999999999994,-0.039999999999999994,43.09138666666668,-89.48572333333337,26,313,-0.07,AF04
2025-04-06T02:29:55Z,-0.43999999999999995,-0.22000000000000003,43.072318333333314,-89.40571666666668,15,315,-0.06,AF04
2025-04-06T02:29:56Z,-0.43999999999999995,-0.45,43.072286666666685,-89.40571,NA,315,-0.06,AF04
2025-04-06T18:40:18Z,-0.5049999999999999,0,43.07101,-89.40060666666668,18,316,-0.04,AF04
2025-04-06T18:40:19Z,-0.5149999999999999,0,43.07101166666668,-89.40067666666668,33,316,-0.04,AF04
2025-04-06T18:40:20Z,-0.595,0.03,43.071015,-89.40080333333331,47,316,-0.04,AF04
2025-04-07T23:04:38Z,-0.46,0.03,43.07145833333331,-89.39173833333331,0,319,-0.06,AF04
2025-04-07T23:04:39Z,-0.5599999999999999,0.009999999999999997,43.07147833333332,-89.391745,10,319,-0.06,AF04
2025-04-07T23:04:40Z,-0.5599999999999999,-0.05,43.071436666666685,-89.39175833333331,28,319,-0.06,AF04
2025-04-07T23:10:30Z,-0.42,0.009999999999999998,43.07334,-89.40719166666668,NA,319,-0.03,AF04
2025-04-07T23:10:31Z,-0.55,0.009999999999999998,43.07334,-89.4072,10,319,-0.03,AF04
2025-04-07T23:10:32Z,-0.45,-0.020000000000000004,43.07334,-89.407275,27,319,-0.03,AF04
2025-04-10T00:09:57Z,-0.54,-0.04000000000000001,43.07096833333331,-89.39935333333332,31,327,-0.06,AF04
2025-04-10T00:09:58Z,-0.51,-0.06,43.07098333333332,-89.39949166666668,49,327,-0.06,AF04
2025-04-10T23:26:21Z,-0.46,-0.08,43.071023333333315,-89.404,19,330,-0.05,AF04
2025-04-10T23:26:22Z,-0.47,-0.23000000000000004,43.07102833333332,-89.40407333333332,NA,330,-0.05,AF04
2025-04-10T23:26:23Z,-0.45,-0.039999999999999994,43.07103,-89.40418666666667,35,330,-0.05,AF04
2025-04-12T04:12:52Z,-0.465,-0.07999999999999999,43.08133666666669,-89.470555,64,336,-0.07,AF04
2025-04-12T04:13:08Z,-0.42999999999999994,0.04,43.082883333333314,-89.471065,49,336,-0.08,AF04
2025-04-12T04:13:09Z,-0.41999999999999993,0.06,43.08298,-89.47118166666668,63,336,-0.08,AF04
2025-04-12T04:15:07Z,-0.54,0.21,43.086108333333314,-89.479835,23,336,-0.06,AF04
2025-04-12T04:15:08Z,-0.52,-0.06,43.086135,-89.47994,35,336,-0.06,AF04
2025-04-12T04:15:09Z,-0.5,-0.06,43.08615,-89.48005166666668,59,336,-0.06,AF04
2025-04-12T04:15:10Z,-0.48,0.03,43.08631333333332,-89.480265,76,336,-0.06,AF04
2025-04-12T04:16:36Z,-0.43999999999999995,0.010000000000000007,43.095153333333315,-89.49367333333332,68,336,-0.07,AF04
2025-04-12T04:16:37Z,-0.42999999999999994,0,43.09528666666668,-89.49386,81,336,-0.07,AF04
2025-04-12T04:32:47Z,-0.58,-0.020000000000000004,43.06680166666669,-89.38571166666668,NA,336,-0.03,AF04
2025-04-12T04:32:48Z,-0.61,-0.05,43.066826666666685,-89.38569333333331,18,336,-0.03,AF04
2025-04-12T04:32:49Z,-0.61,-0.09,43.06689666666668,-89.385655,41,336,-0.03,AF04
2025-04-12T04:32:50Z,-0.46,-0.06,43.06700166666669,-89.3856,56,336,-0.03,AF04
2025-04-12T04:34:11Z,-0.455,0.065,43.07118333333331,-89.38873166666669,5,336,-0.045,AF04
2025-04-12T04:34:12Z,-0.5349999999999999,0.045,43.071195,-89.38875166666668,22,336,-0.045,AF04
2025-04-12T04:34:13Z,-0.615,0.015,43.07124166666668,-89.388805,NA,336,-0.045,AF04
2025-04-12T04:34:14Z,-0.5549999999999999,-0.02500000000000001,43.07131166666669,-89.3889,45,336,-0.045,AF04
2025-04-12T15:56:13Z,-0.43499999999999994,0,43.07647,-89.41586666666669,38,339,-0.06,AF04
2025-04-12T15:56:14Z,-0.465,-0.03,43.07647166666669,-89.41600333333332,52,339,-0.06,AF04
2025-04-12T19:44:16Z,-0.66,0,43.07225,-89.40568333333331,21,341,-0.02,AF04
2025-04-12T19:44:17Z,-0.61,0.04,43.072195,-89.405575,41,341,-0.02,AF04
2025-04-12T19:44:18Z,-0.44000000000000006,-0.039999999999999994,43.07215166666669,-89.405475,55,341,-0.02,AF04
2025-04-13T00:17:26Z,-0.42,0.009999999999999997,43.070965,-89.391695,NA,343,-0.06,AF04
2025-04-13T00:17:27Z,-0.52,-0.1,43.07095833333331,-89.391715,9,343,-0.06,AF04
2025-04-13T00:17:28Z,-0.46,-0.04000000000000001,43.07093,-89.39176666666668,22,343,-0.06,AF04
2025-04-13T00:17:29Z,-0.48,-0.03,43.070885,-89.39186,36,343,-0.06,AF04
2025-04-13T00:20:22Z,-0.43,0.01999999999999999,43.06769166666668,-89.40278166666668,44,343,-0.09,AF04
2025-04-13T00:20:23Z,-0.42,0.01999999999999999,43.067695,-89.402975,57,343,-0.09,AF04
2025-04-14T23:04:45Z,-0.46,0,43.07132666666668,-89.390375,18,352,-0.06,AF04
2025-04-14T23:04:46Z,-0.42,0.019999999999999997,43.07132666666668,-89.390375,33,352,-0.06,AF04
2025-04-14T23:05:08Z,-0.425,0.025,43.069795,-89.39358666666669,27,352,-0.055,AF04
2025-04-14T23:05:09Z,-0.485,-0.0049999999999999975,43.06986,-89.39367833333331,40,352,-0.055,AF04
2025-04-14T23:09:04Z,-0.455,0.005,43.07206166666669,-89.40575333333331,21,352,0.005,AF04
2025-04-14T23:09:49Z,-0.43499999999999994,-0.07500000000000001,43.07317166666668,-89.40585666666668,12,352,0.005,AF04
2025-04-15T00:45:52Z,-0.47,0.04,43.07220666666669,-89.40489833333332,57,353,-0.03,AF04
2025-04-16T02:24:04Z,-0.565,0.135,43.076645,-89.41043166666668,33,356,-0.055,AF04
2025-04-16T02:24:05Z,-0.5149999999999999,0.0049999999999999975,43.07662166666668,-89.41029833333332,45,356,-0.055,AF04
2025-04-17T02:33:27Z,-0.49,0.010000000000000002,43.076451666666685,-89.41293833333332,1,362,-0.04,AF04
2025-04-17T02:33:28Z,-0.6900000000000001,-0.060000000000000005,43.076451666666685,-89.41289166666668,17,362,-0.04,AF04
2025-04-17T02:33:29Z,-0.5700000000000001,-0.11,43.07644833333332,-89.41277833333332,40,362,-0.04,AF04
2025-04-17T02:35:26Z,-0.42999999999999994,-0.08,43.07350333333332,-89.40621,2,362,-0.05,AF04
2025-04-19T16:09:45Z,-0.4300000000000001,-0.04,43.071293333333315,-89.39034833333332,24,367,-0.04,AF04
2025-04-19T16:10:54Z,-0.42,0.15,43.06822166666669,-89.38500833333332,41,367,-0.03,AF04
2025-04-19T16:10:55Z,-0.42,0.03,43.06813833333331,-89.38501833333332,55,367,-0.03,AF04
2025-04-19T16:12:59Z,-0.52,-0.065,43.05128,-89.3782,11,367,-0.035,AF04
2025-04-19T16:13:00Z,-0.48,-0.020000000000000004,43.05125666666669,-89.37818833333331,26,367,-0.06,AF04
2025-04-19T16:13:01Z,-0.5,0.009999999999999997,43.05119,-89.37816,41,367,-0.06,AF04
2025-04-19T16:13:02Z,-0.5,-0.03,43.05109166666668,-89.37811666666668,NA,367,-0.06,AF04
2025-04-19T16:13:51Z,-0.52,0.03,43.04561333333332,-89.375715,13,367,-0.06,AF04
2025-04-19T16:13:52Z,-0.48,-0.010000000000000007,43.04558333333331,-89.37575333333331,29,367,-0.06,AF04
2025-04-19T16:16:45Z,-0.43,0,43.02423,-89.38052333333331,NA,367,-0.05,AF04
2025-04-19T16:16:46Z,-0.42,0,43.02423,-89.38052333333331,2,367,-0.05,AF04
2025-04-19T16:18:17Z,-0.41999999999999993,0.010000000000000002,43.011666666666684,-89.37582,NA,367,-0.05,AF04
2025-04-19T16:18:18Z,-0.41999999999999993,0.010000000000000002,43.011665,-89.37582166666668,15,367,-0.05,AF04
2025-04-19T21:47:29Z,-0.5249999999999999,0,43.06916333333332,-89.38597166666668,2,370,-0.04,AF04
2025-04-19T21:47:30Z,-0.7150000000000001,-0.04,43.06918,-89.38599333333332,21,370,-0.04,AF04
2025-04-19T21:47:31Z,-0.675,0.010000000000000002,43.06922,-89.386065,50,370,-0.04,AF04
2025-04-19T21:47:32Z,-0.5149999999999999,-0.010000000000000002,43.06925833333331,-89.38614666666669,66,370,-0.04,AF04
2025-04-20T02:24:32Z,-0.45,-0.06,43.07644,-89.41273,38,373,-0.05,AF04
2025-04-20T02:24:33Z,-0.4300000000000001,-0.1,43.07643666666668,-89.412585000000007,48,373,-0.05,AF04
2025-04-20T19:09:41Z,-0.46,-0.009999999999999998,43.07099333333332,-89.40054,12,377,-0.02,AF04
2025-04-20T19:09:42Z,-0.42999999999999994,-0.08,43.07099833333332,-89.400595,24,377,-0.02,AF04
2025-04-21T01:43:33Z,-0.4300000000000001,0.019999999999999997,43.076385,-89.41295833333331,16,379,-0.06,AF04
2025-04-21T01:43:34Z,-0.48,-0.08000000000000002,43.07638333333331,-89.41290333333332,32,379,-0.06,AF04
2025-04-21T01:43:35Z,-0.5,-0.04000000000000001,43.07638333333331,-89.41278666666668,46,379,-0.06,AF04
2025-04-21T01:43:36Z,-0.44000000000000006,-0.14,43.07638166666669,-89.41262333333331,NA,379,-0.06,AF04
2025-04-21T01:46:33Z,-0.43,0,43.07221833333332,-89.40426333333332,NA,379,-0.02,AF04
2025-04-21T01:46:34Z,-0.45,-0.02,43.07221833333332,-89.40426,14,379,-0.02,AF04
2025-04-21T23:04:27Z,-0.42499999999999993,-0.08,43.070955,-89.39898,7,380,-0.05,AF04
2025-04-21T23:08:18Z,-0.44,-0.06,43.07323333333332,-89.40590666666668,19,380,-0.02,AF04
2025-04-21T23:08:47Z,-0.45,-0.009999999999999998,43.07495166666668,-89.40625,NA,380,-0.02,AF04
2025-04-21T23:08:48Z,-0.42,-0.06,43.075003333333314,-89.40624666666668,21,380,-0.02,AF04
2025-04-21T23:08:49Z,-0.43,0.03,43.07508,-89.40624666666668,33,380,-0.02,AF04
2025-04-23T22:44:24Z,-0.44,0.010000000000000002,43.07109833333332,-89.39169166666669,NA,382,-0.04,AF04
2025-04-23T22:44:25Z,-0.55,-0.14,43.07108666666669,-89.39171,17,382,-0.04,AF04
2025-04-23T22:44:26Z,-0.54,-0.13,43.07104333333332,-89.39181166666668,34,382,-0.04,AF04
2025-04-23T22:45:35Z,-0.4900000000000001,-0.06,43.070965,-89.397505,28,382,-0.05,AF04
2025-04-24T02:58:24Z,-0.425,0.03,43.076395,-89.412935,NA,385,-0.05,AF04
2025-04-24T02:58:25Z,-0.515,0.010000000000000002,43.076395,-89.412915,16,385,-0.05,AF04
2025-04-24T02:58:26Z,-0.6950000000000001,-0.12,43.07639666666668,-89.41283666666669,36,385,-0.05,AF04
2025-04-24T02:58:27Z,-0.495,-0.06,43.07639833333331,-89.41270166666669,51,385,-0.05,AF04
2025-04-24T02:59:35Z,-0.43999999999999995,-0.009999999999999997,43.07508166666669,-89.40626333333331,34,385,-0.07,AF04
2025-04-24T02:59:36Z,-0.46,-0.01999999999999999,43.07499166666668,-89.40626,51,385,-0.07,AF04
2025-04-24T03:01:18Z,-0.41999999999999993,0,43.072111666666686,-89.401025,19,385,-0.01,AF04
2025-04-24T13:27:42Z,-0.425,-0.36,43.06976,-89.39353666666668,NA,388,-0.05,AF04
2025-04-24T13:29:18Z,-0.42999999999999994,0,43.06767333333332,-89.400675,NA,388,-0.06,AF04
2025-04-24T13:29:19Z,-0.43999999999999995,-0.05,43.06767166666668,-89.40071166666668,15,388,-0.06,AF04
2025-04-24T13:29:21Z,-0.43999999999999995,-0.09,43.06768,-89.4009,38,388,-0.06,AF04
2025-04-24T13:30:35Z,-0.475,0.020000000000000004,43.067785,-89.40715166666669,NA,388,-0.07,AF04
2025-04-24T13:30:36Z,-0.485,-0.11,43.067785,-89.407225,22,388,-0.07,AF04
2025-04-24T13:30:37Z,-0.435,-0.009999999999999997,43.06778333333332,-89.40734333333332,36,388,-0.07,AF04
2025-04-24T13:31:47Z,-0.505,-0.04,43.067825,-89.412515,NA,388,-0.04,AF04
2025-04-24T13:31:48Z,-0.485,-0.11,43.06782333333332,-89.41254833333332,16,388,-0.04,AF04
2025-04-24T23:50:23Z,-0.435,-0.03,43.071365,-89.39038166666668,14,390,-0.05,AF04
2025-04-24T23:50:24Z,-0.455,0.05,43.071365,-89.39038166666668,27,390,-0.05,AF04
2025-04-24T23:52:31Z,-0.42499999999999993,0.03,43.07099833333332,-89.40199,NA,390,-0.04,AF04
2025-04-24T23:53:54Z,-0.4300000000000001,-0.13,43.07328,-89.40595833333332,NA,390,-0.02,AF04
2025-04-24T23:53:55Z,-0.4700000000000001,-0.19,43.07333333333331,-89.40600166666668,28,390,-0.02,AF04
2025-04-24T23:55:34Z,-0.47,-0.0049999999999999975,43.07646333333332,-89.412675,25,390,-0.055,AF04
2025-04-24T23:56:23Z,-0.46,0,43.07647333333331,-89.41578166666667,2,390,-0.05,AF04
2025-04-25T01:34:41Z,-0.48,0.020000000000000004,43.07644166666668,-89.41613666666669,1,392,-0.05,AF04
2025-04-25T01:34:42Z,-0.52,-0.009999999999999997,43.07644166666668,-89.41611,17,392,-0.05,AF04
2025-04-25T01:34:43Z,-0.6300000000000001,-0.020000000000000004,43.07644333333331,-89.41602833333332,35,392,-0.05,AF04
2025-04-25T01:34:44Z,-0.51,-0.05,43.076445,-89.41588833333331,52,392,-0.05,AF04
2025-04-25T01:36:27Z,-0.45,-0.08500000000000002,43.07525166666669,-89.406255,9,392,-0.055,AF04
2025-04-25T01:36:28Z,-0.43999999999999995,-0.14500000000000002,43.07522,-89.40626,25,392,-0.055,AF04
2025-04-25T01:38:40Z,-0.58,-0.01,43.07208,-89.39767333333332,9,392,0,AF04
2025-04-25T01:38:41Z,-0.49,-0.01,43.07207833333331,-89.39760666666669,26,392,0,AF04
2025-04-25T01:38:42Z,-0.42,-0.03,43.07207833333331,-89.39748833333331,43,392,0,AF04
2025-04-25T01:38:55Z,-0.59,-0.01,43.072045,-89.396065,4,392,0,AF04
2025-04-25T01:38:56Z,-0.6,-0.01,43.07204166666668,-89.39601333333331,18,392,0,AF04
2025-04-25T01:38:57Z,-0.53,0.01,43.07204,-89.395905,35,392,0,AF04
2025-04-25T23:43:05Z,-0.43,-0.07,43.07104833333331,-89.39177333333332,5,398,-0.04,AF04
2025-04-25T23:43:06Z,-0.45,-0.060000000000000005,43.07103166666669,-89.3918,22,398,-0.04,AF04
2025-04-25T23:45:38Z,-0.425,0.020000000000000004,43.07088666666668,-89.39595666666668,14,398,-0.05,AF04
2025-04-25T23:45:39Z,-0.435,-0.05,43.07088666666668,-89.396015,27,398,-0.05,AF04
2025-04-25T23:50:14Z,-0.42499999999999993,-0.020000000000000004,43.07648,-89.41257166666668,7,398,-0.06,AF04
2025-04-26T01:45:12Z,-0.51,-0.02499999999999999,43.07513333333333,-89.44110833333333,36,400,-0.065,AF04
2025-04-26T01:45:13Z,-0.54,0.0050000000000000044,43.07512,-89.44098833333334,NA,400,-0.065,AF04
2025-04-26T20:25:23Z,-0.44,0.010000000000000002,43.09195833333333,-89.35958666666667,20,401,-0.05,AF04
2025-04-26T22:05:29Z,-0.42,0.009999999999999998,42.369843333333336,-87.90721666666667,NA,401,-0.03,AF04
2025-04-26T22:05:30Z,-0.53,0,42.369845,-87.90721,13,401,-0.03,AF04
2025-04-26T22:05:31Z,-0.46,-0.010000000000000002,42.36984666666667,-87.90714166666666,28,401,-0.03,AF04
2025-04-26T22:35:36Z,-0.42499999999999993,0.01,41.983268333333335,-87.749015,NA,401,0,AF04
2025-04-26T22:35:37Z,-0.5449999999999999,0,41.983268333333335,-87.749015,3,401,0,AF04
2025-04-27T00:12:54Z,-0.44,0.010000000000000002,41.862363333333334,-87.63908666666667,14,402,-0.05,AF04
2025-04-27T02:52:23Z,-0.42999999999999994,0.02,41.87926,-87.64242666666667,NA,403,-0.04,AF04
2025-04-27T02:52:27Z,-0.48,-0.060000000000000005,41.87925333333333,-87.64264833333333,41,403,-0.04,AF04
2025-04-27T02:52:28Z,-0.43999999999999995,-0.060000000000000005,41.879261666666665,-87.64277333333334,NA,403,-0.04,AF04
2025-04-27T03:59:54Z,-0.465,0.03,42.08181,-88.45539,NA,403,-0.05,AF04
2025-04-27T03:59:55Z,-0.4950000000000001,0.010000000000000002,42.081813333333336,-88.45539833333333,6,403,-0.05,AF04
2025-04-27T03:59:56Z,-0.435,-0.009999999999999997,42.081846666666664,-88.45545666666666,23,403,-0.05,AF04
2025-04-27T05:36:41Z,-0.45,0.010000000000000002,43.04665333333333,-89.37392,6,403,-0.04,AF04
2025-04-27T05:40:55Z,-0.51,0.04,43.071225,-89.38878666666666,4,403,0,AF04
2025-04-27T05:40:56Z,-0.57,0.01,43.07123333333333,-89.38879333333334,NA,403,0,AF04
2025-04-27T05:40:57Z,-0.62,0,43.07127166666667,-89.38884333333333,25,403,0,AF04
2025-04-27T05:41:13Z,-0.505,-0.23,43.07218,-89.390115,NA,403,-0.03,AF04
2025-04-27T05:41:14Z,-0.455,-0.020000000000000004,43.07216666666667,-89.39017166666666,28,403,-0.03,AF04
2025-04-27T05:42:45Z,-0.41999999999999993,-0.44,43.07077,-89.39414,11,403,-0.05,AF04
2025-04-27T05:54:39Z,-0.42999999999999994,0.010000000000000002,43.072116666666666,-89.40263666666667,0,403,-0.04,AF04
2025-04-27T05:54:40Z,-0.6,0.010000000000000002,43.07212,-89.40263166666666,6,403,-0.04,AF04
2025-04-27T05:54:41Z,-0.66,0.010000000000000002,43.072118333333336,-89.40258833333333,26,403,-0.04,AF04
2025-04-27T05:54:42Z,-0.66,-0.03000000000000001,43.072115,-89.40254333333333,48,403,-0.04,AF04
2025-04-27T15:26:27Z,-0.42,-0.010000000000000007,43.07100166666667,-89.39889833333334,15,404,-0.06,AF04
2025-04-27T17:42:39Z,-0.45,-0.18,43.062083333333334,-89.40095166666667,19,406,-0.04,AF04
2025-04-27T20:25:27Z,-0.55,-0.03,43.07100166666667,-89.39171333333333,11,407,-0.03,AF04
2025-04-27T20:25:28Z,-0.54,0.009999999999999998,43.070965,-89.39176,26,407,-0.03,AF04
2025-04-27T20:27:50Z,-0.51,0.010000000000000002,43.07103333333333,-89.40392166666666,3,407,-0.05,AF04
2025-04-27T20:27:51Z,-0.52,0.010000000000000002,43.071038333333334,-89.403955,21,407,-0.05,AF04
2025-04-27T20:27:56Z,-0.42,0.07,43.07102,-89.40446166666666,NA,407,-0.05,AF04
2025-04-27T23:47:06Z,-0.5249999999999999,0,43.076485,-89.41589166666667,9,408,-0.06,AF04
2025-04-27T23:47:07Z,-0.5149999999999999,0,43.076485,-89.415955,28,408,-0.06,AF04
2025-04-27T23:47:08Z,-0.425,-0.020000000000000004,43.07648666666667,-89.41606833333333,43,408,-0.06,AF04
2025-04-28T01:11:17Z,-0.5,-0.03,43.07647166666669,-89.41606333333331,20,409,-0.03,AF04
2025-04-28T01:11:18Z,-0.53,-0.03,43.07647,-89.415955,35,409,-0.03,AF04
2025-04-28T01:11:19Z,-0.53,-0.12,43.076465,-89.41580166666668,51,409,-0.03,AF04
2025-04-28T01:11:51Z,-0.48,-0.020000000000000004,43.076465,-89.41291,19,409,-0.03,AF04
2025-04-28T01:11:52Z,-0.51,-0.06,43.07645833333332,-89.41284666666668,NA,409,-0.03,AF04
2025-04-28T01:11:53Z,-0.48,-0.12,43.07645333333332,-89.412735,34,409,-0.03,AF04
2025-04-29T01:15:48Z,-0.415,0.03000000000000001,43.067795,-89.40882,NA,414,-0.07,AF04
2025-04-29T01:15:49Z,-0.435,0.010000000000000007,43.06779166666668,-89.40882833333332,15,414,-0.07,AF04
2025-04-29T01:15:50Z,-0.49499999999999994,0.020000000000000004,43.067795,-89.40889,30,414,-0.07,AF04
2025-04-29T01:15:51Z,-0.485,-0.03,43.067795,-89.408995,44,414,-0.07,AF04
2025-04-29T01:15:52Z,-0.5349999999999999,-0.21,43.067798333333315,-89.40914333333332,NA,414,-0.07,AF04
2025-04-29T01:43:07Z,-0.41999999999999993,-0.020000000000000004,43.06708,-89.395405,6,415,-0.03,AF04
2025-04-29T01:43:08Z,-0.48,-0.2,43.06705833333332,-89.39534666666668,19,415,-0.03,AF04
2025-04-30T00:08:34Z,-0.46,0.009999999999999997,43.07096,-89.39732,9,420,-0.06,AF04
2025-04-30T00:08:35Z,-0.58,-0.010000000000000007,43.07096333333332,-89.39734,11,420,-0.06,AF04
2025-04-30T00:08:36Z,-0.72,0.039999999999999994,43.07096333333332,-89.39737166666669,28,420,-0.06,AF04
2025-04-30T00:08:37Z,-0.5,-0.020000000000000004,43.07097166666668,-89.397415,46,420,-0.06,AF04
2025-04-30T00:09:45Z,-0.43999999999999995,-0.009999999999999998,43.07103166666669,-89.40067166666668,11,420,-0.02,AF04
2025-04-30T00:09:46Z,-0.49,-0.03,43.07103166666669,-89.40069166666669,NA,420,-0.02,AF04
2025-05-01T02:02:13Z,-0.4900000000000001,-0.095,43.07645333333332,-89.41825,NA,427,-0.045,AF04
2025-05-01T02:03:19Z,-0.59,-0.04000000000000001,43.076455,-89.41289666666668,20,427,-0.03,AF04
2025-05-01T02:03:20Z,-0.56,-0.03,43.076465,-89.41281333333332,38,427,-0.03,AF04
2025-05-01T02:03:21Z,-0.48,-0.14,43.07646166666669,-89.412675,NA,427,-0.03,AF04
2025-05-01T02:06:32Z,-0.41999999999999993,0,43.07217166666669,-89.40429,10,427,-0.02,AF04
2025-05-01T23:45:09Z,-0.43,-0.03,43.07099,-89.39179833333331,17,430,-0.05,AF04
2025-05-01T23:47:13Z,-0.42,-0.09,43.07097666666668,-89.39926833333337,37,430,-0.02,AF04
2025-05-01T23:47:14Z,-0.42,-0.06999999999999999,43.07098,-89.39940333333331,49,430,-0.02,AF04
2025-05-01T23:50:14Z,-0.45,-0.0049999999999999975,43.07491,-89.40622333333332,9,430,-0.055,AF04
2025-05-01T23:50:15Z,-0.46,-0.015000000000000006,43.074945,-89.40622,22,430,-0.055,AF04
2025-05-01T23:50:16Z,-0.46,0.045,43.07501333333332,-89.40622,36,430,-0.055,AF04
2025-05-02T23:03:44Z,-0.5399999999999999,-0.08,43.07316333333331,-89.40586333333331,15,432,0.01,AF04
2025-05-02T23:03:45Z,-0.52,-0.06999999999999999,43.07320333333332,-89.40589833333331,31,432,0.01,AF04
2025-05-02T23:04:07Z,-0.42,0.020000000000000004,43.07488,-89.40619666666669,12,432,-0.07,AF04
2025-05-03T02:27:33Z,-0.63,0.05,43.075246666666686,-89.454095,18,435,-0.04,AF04
2025-05-03T02:27:34Z,-0.57,0.05,43.075265,-89.45399833333332,43,435,-0.04,AF04
2025-05-03T02:28:44Z,-0.5,0.009999999999999998,43.075246666666686,-89.45154333333332,NA,435,-0.03,AF04
2025-05-03T02:28:45Z,-0.52,0,43.07524833333332,-89.45151,15,435,-0.03,AF04
2025-05-03T02:28:46Z,-0.41999999999999993,-0.010000000000000002,43.075241666666685,-89.45143333333331,30,435,-0.03,AF04
2025-05-03T16:03:44Z,-0.45,0.04000000000000001,43.076483333333314,-89.41593333333331,NA,436,-0.07,AF04
2025-05-03T16:03:45Z,-0.48,0,43.076485,-89.41607166666668,42,436,-0.07,AF04
2025-05-03T16:03:46Z,-0.45,0.03000000000000001,43.07648666666668,-89.416255,56,436,-0.07,AF04
2025-05-03T18:39:21Z,-0.45,0.010000000000000002,43.076438333333314,-89.41608,14,437,-0.04,AF04
2025-05-03T18:39:22Z,-0.53,0.010000000000000002,43.076445,-89.41599166666668,33,437,-0.04,AF04
2025-05-03T18:39:23Z,-0.47,-0.04,43.076445,-89.41585833333332,48,437,-0.04,AF04
2025-05-03T18:39:55Z,-0.6699999999999999,-0.07,43.076405,-89.41289166666668,21,437,-0.04,AF04
2025-05-03T18:39:56Z,-0.7,-0.11,43.07640166666668,-89.41282666666669,NA,437,-0.04,AF04
2025-05-03T18:39:57Z,-0.5700000000000001,-0.060000000000000005,43.076405,-89.41269833333337,49,437,-0.04,AF04
2025-05-03T18:43:51Z,-0.5,-0.01,43.072196666666684,-89.40432166666668,NA,437,-0.01,AF04
2025-05-03T18:43:52Z,-0.59,-0.01,43.072188333333315,-89.40431833333332,15,437,-0.01,AF04
2025-05-03T18:43:53Z,-0.53,-0.060000000000000005,43.07220666666669,-89.40427,32,437,-0.01,AF04
2025-05-03T23:00:29Z,-0.42,0.035,43.07096333333332,-89.400515,19,438,-0.055,AF04
2025-05-04T01:13:04Z,-0.42999999999999994,0.08,43.067785,-89.41260833333337,43,439,-0.04,AF04
2025-05-04T01:13:05Z,-0.43999999999999995,-0.010000000000000002,43.0678,-89.41245166666668,58,439,-0.04,AF04
2025-05-04T18:56:49Z,-0.45,-0.020000000000000004,43.071035,-89.39183833333337,13,443,-0.03,AF04
2025-05-06T23:47:12Z,-0.44,-0.04000000000000001,43.071040000000004,-89.39172833333332,NA,456,-0.03,AF04
2025-05-06T23:47:13Z,-0.53,-0.06,43.071023333333315,-89.39176,15,456,-0.03,AF04
2025-05-06T23:49:43Z,-0.51,-0.06,43.07100333333331,-89.40029333333331,3,456,-0.03,AF04
2025-05-06T23:52:13Z,-0.455,-0.015,43.07216666666669,-89.405515,42,456,-0.045,AF04
2025-05-06T23:53:09Z,-0.43999999999999995,-0.04,43.070798333333315,-89.40096833333331,57,456,0.01,AF04
2025-05-06T23:56:09Z,-0.45,0.22,43.06670166666669,-89.38605333333331,NA,456,-0.07,AF04
2025-05-06T23:56:10Z,-0.51,0,43.06659166666668,-89.38609,49,456,-0.07,AF04
2025-05-06T23:56:11Z,-0.47,0.08,43.06647833333332,-89.38611833333331,65,456,-0.07,AF04
2025-05-06T23:59:52Z,-0.44000000000000006,0.025,43.04132833333331,-89.37802,NA,456,-0.045,AF04
2025-05-06T23:59:53Z,-0.44000000000000006,0.0049999999999999975,43.04132833333331,-89.37802,7,456,-0.045,AF04
2025-05-06T23:59:55Z,-0.42,0.0049999999999999975,43.041215,-89.378055,37,456,-0.045,AF04
2025-05-07T02:37:26Z,-0.47,-0.185,43.050975,-89.37789333333332,8,458,-0.065,AF04
2025-05-07T02:39:24Z,-0.6,0.14,43.054145,-89.396425,28,458,-0.07,AF04
2025-05-07T02:39:25Z,-0.57,0.03000000000000001,43.05421166666669,-89.39650666666668,44,458,-0.07,AF04
2025-05-07T02:39:26Z,-0.47,0.07,43.05432,-89.39660666666668,65,458,-0.07,AF04
2025-05-07T02:39:38Z,-0.46,0.03000000000000001,43.055991666666685,-89.39796166666667,NA,458,-0.07,AF04
2025-05-07T02:39:39Z,-0.48,0,43.05614166666668,-89.398085,72,458,-0.07,AF04
2025-05-07T02:43:32Z,-0.48,-0.03,43.06766833333331,-89.40391666666667,27,458,-0.06,AF04
2025-05-07T02:43:33Z,-0.51,0.03,43.06767,-89.403815,41,458,-0.06,AF04
2025-05-07T02:43:34Z,-0.43999999999999995,-0.06,43.06766833333331,-89.40364666666667,59,458,-0.06,AF04
2025-05-07T14:26:01Z,-0.5,-0.25,43.07088166666668,-89.39435,NA,461,-0.05,AF04
2025-05-07T14:26:02Z,-0.48,0,43.070901666666686,-89.39445666666668,50,461,-0.05,AF04
2025-05-07T14:26:59Z,-0.5399999999999999,0.020000000000000004,43.070965,-89.40054833333332,12,461,-0.05,AF04
2025-05-07T14:27:00Z,-0.43,-0.039999999999999994,43.07096666666668,-89.40061333333333,28,461,-0.05,AF04
2025-05-07T14:28:21Z,-0.4149999999999999,0.010000000000000002,43.07197166666669,-89.40570833333331,30,461,-0.04,AF04
2025-05-09T00:06:40Z,-0.45000000000000007,0.009999999999999997,43.07645666666669,-89.41259,NA,467,-0.08,AF04
2025-05-09T00:06:41Z,-0.5,0.04,43.07645833333332,-89.41262666666668,13,467,-0.08,AF04
2025-05-09T00:06:42Z,-0.54,0.020000000000000004,43.07645833333332,-89.41270666666668,31,467,-0.08,AF04
2025-05-09T00:06:43Z,-0.6,0.03,43.07645666666669,-89.41283166666668,44,467,-0.08,AF04
2025-05-09T00:06:44Z,-0.52,0.03,43.07645833333332,-89.41300166666669,60,467,-0.08,AF04
2025-05-09T00:07:05Z,-0.5349999999999999,-0.03,43.07648,-89.41605333333331,42,467,-0.05,AF04
2025-05-09T00:07:06Z,-0.435,-0.020000000000000004,43.07648166666668,-89.41619666666668,NA,467,-0.05,AF04
2025-05-09T01:47:36Z,-0.5,0.03,43.076485,-89.41291333333331,14,468,-0.04,AF04
2025-05-09T01:47:37Z,-0.62,-0.11,43.076485,-89.41283833333337,33,468,-0.04,AF04
2025-05-09T01:47:38Z,-0.44000000000000006,-0.07,43.07647666666668,-89.41271333333331,46,468,-0.04,AF04
2025-05-09T01:49:35Z,-0.41999999999999993,-0.13,43.07357666666668,-89.40611833333332,9,468,-0.05,AF04
2025-05-09T01:49:59Z,-0.42999999999999994,-0.06,43.07230166666668,-89.40576166666668,NA,468,-0.05,AF04
2025-05-09T23:32:15Z,-0.53,0.020000000000000004,43.07096666666668,-89.400815,33,469,-0.05,AF04
2025-05-09T23:32:16Z,-0.47,-0.020000000000000004,43.07097166666668,-89.40096333333337,47,469,-0.05,AF04
2025-05-10T01:11:33Z,-0.41999999999999993,-0.14,43.073496666666685,-89.40620833333332,14,471,-0.06,AF04
2025-05-10T01:15:20Z,-0.41999999999999993,-0.039999999999999994,43.07084166666668,-89.39602,31,471,-0.05,AF04
2025-05-10T01:15:21Z,-0.47,-0.06999999999999999,43.07083666666668,-89.395895,44,471,-0.05,AF04
2025-05-10T01:15:38Z,-0.5399999999999999,-0.020000000000000004,43.07079166666668,-89.39430166666668,11,471,-0.05,AF04
2025-05-10T01:15:39Z,-0.5499999999999999,0,43.070795,-89.394235,27,471,-0.05,AF04
2025-05-10T16:51:39Z,-0.43999999999999995,-0.21,43.07528833333332,-89.45680833333331,10,475,0.01,AF04
2025-05-10T16:54:55Z,-0.42999999999999994,0.34500000000000003,43.069445,-89.45135833333332,NA,475,-0.005,AF04
2025-05-10T16:56:43Z,-0.42999999999999994,-0.62,43.060903333333314,-89.45117833333332,21,475,-0.03,AF04
2025-05-10T23:14:47Z,-0.46,-0.46,43.05026833333332,-89.49789666666669,16,479,-0.02,AF04
2025-05-10T23:15:06Z,-0.42999999999999994,-0.1,43.05006166666668,-89.496075,NA,479,-0.05,AF04
2025-05-10T23:15:08Z,-0.47,-0.05,43.05004666666669,-89.49589,36,479,-0.05,AF04
2025-05-10T23:15:09Z,-0.48,-0.08,43.05003833333332,-89.49573666666669,50,479,-0.05,AF04
2025-05-10T23:15:10Z,-0.49,-0.06999999999999999,43.050036666666685,-89.49554,65,479,-0.05,AF04
2025-05-10T23:15:11Z,-0.48,0,43.05003833333332,-89.49529166666669,78,479,-0.05,AF04
2025-05-10T23:19:12Z,-0.46,0.02,43.04710833333331,-89.47344,NA,479,-0.04,AF04
2025-05-10T23:19:13Z,-0.53,0.010000000000000002,43.04711833333331,-89.47344,12,479,-0.04,AF04
2025-05-10T23:19:14Z,-0.5,0.02,43.047175,-89.47343833333332,29,479,-0.04,AF04
2025-05-10T23:19:15Z,-0.54,0,43.04726666666669,-89.473435,47,479,-0.04,AF04
2025-05-10T23:19:16Z,-0.46,0.03,43.04738666666668,-89.47343333333332,62,479,-0.04,AF04
2025-05-10T23:40:16Z,-0.41999999999999993,-0.03,43.06769,-89.41288666666668,5,479,-0.08,AF04
2025-05-14T02:57:56Z,-0.45,0,43.07351833333331,-89.43407333333332,NA,493,-0.01,AF04
2025-05-14T02:57:57Z,-0.46,-0.019999999999999997,43.073515,-89.43407,7,493,-0.01,AF04
2025-05-14T02:57:58Z,-0.43999999999999995,0,43.07350333333332,-89.43401166666669,22,493,-0.01,AF04
2025-05-14T13:53:05Z,-0.42499999999999993,-0.04,43.07215,-89.40297333333332,18,496,-0.01,AF04
2025-05-14T22:28:08Z,-0.48,-0.010000000000000002,43.071005,-89.39176333333332,12,499,-0.03,AF04
2025-05-14T22:28:10Z,-0.45,-0.03,43.07090333333332,-89.3919,42,499,-0.03,AF04
2025-05-15T22:58:30Z,-0.45,-0.04,43.07116166666668,-89.40576166666668,35,506,-0.04,AF04
2025-05-15T22:58:31Z,-0.48,-0.11,43.07122,-89.40575333333331,50,506,-0.04,AF04
2025-05-16T00:53:33Z,-0.42,-0.010000000000000002,43.065511666666666,-89.416285,23,508,-0.03,AF04
2025-05-16T00:53:34Z,-0.47,-0.020000000000000004,43.06547,-89.41633666666667,NA,508,-0.03,AF04
2025-05-17T15:42:27Z,-0.54,-0.34,43.071646666666666,-89.39076666666666,16,510,-0.06,AF04
2025-05-17T15:42:28Z,-0.43,-0.020000000000000004,43.07160666666667,-89.39082,31,510,-0.06,AF04
2025-05-17T15:42:46Z,-0.45,-0.03,43.070985,-89.39177666666667,19,510,-0.06,AF04
2025-05-17T15:42:47Z,-0.44,-0.05,43.07094166666667,-89.39184333333333,34,510,-0.06,AF04
2025-05-17T15:42:48Z,-0.45,-0.020000000000000004,43.07086666666667,-89.39193,46,510,-0.06,AF04
2025-05-17T15:44:20Z,-0.44,0,43.07099,-89.40062,9,510,-0.03,AF04
2025-05-17T15:44:21Z,-0.56,0,43.07099,-89.40065166666666,NA,510,-0.03,AF04
2025-05-17T15:44:22Z,-0.53,0,43.070991666666664,-89.40073666666666,28,510,-0.03,AF04
2025-05-17T15:44:23Z,-0.48,0.009999999999999998,43.070995,-89.40087333333334,43,510,-0.03,AF04
2025-05-17T15:45:03Z,-0.53,-0.039999999999999994,43.071205,-89.40573166666667,37,510,-0.05,AF04
2025-05-17T15:45:04Z,-0.48,-0.020000000000000004,43.07127833333333,-89.40573333333333,54,510,-0.05,AF04
2025-05-17T18:48:11Z,-0.625,0,43.07649166666667,-89.42026333333334,21,512,-0.05,AF04
2025-05-17T18:48:12Z,-0.615,0.020000000000000004,43.07649333333333,-89.42017833333334,40,512,-0.05,AF04
2025-05-17T18:48:13Z,-0.435,-0.06999999999999999,43.07649,-89.42002666666667,53,512,-0.05,AF04
2025-05-17T18:49:04Z,-0.545,-0.11,43.07642333333333,-89.41282833333334,29,512,-0.04,AF04
2025-05-17T18:49:05Z,-0.515,-0.1,43.07642333333333,-89.41272333333333,46,512,-0.04,AF04
2025-05-17T18:49:06Z,-0.495,-0.18,43.07642166666667,-89.41256166666666,NA,512,-0.04,AF04
2025-05-17T18:50:14Z,-0.46,-0.08,43.07493,-89.40623333333333,57,512,-0.03,AF04
2025-05-17T18:51:03Z,-0.4300000000000001,0,43.07355,-89.40618333333333,NA,512,-0.02,AF04
2025-05-17T18:51:04Z,-0.42,-0.09,43.073545,-89.40618166666667,6,512,-0.02,AF04
2025-05-17T18:52:16Z,-0.4149999999999999,0,43.072183333333335,-89.40544666666666,37,512,-0.02,AF04
2025-05-17T22:25:19Z,-0.5599999999999999,-0.085,43.071396666666665,-89.39047833333333,NA,513,-0.045,AF04
2025-05-17T22:25:20Z,-0.64,-0.02500000000000001,43.071396666666665,-89.39047833333333,24,513,-0.045,AF04
2025-05-17T22:25:21Z,-0.52,-0.045,43.071396666666665,-89.39047833333333,42,513,-0.045,AF04
2025-05-17T23:48:23Z,-0.42,-0.06,43.064656666666664,-89.417615,36,514,-0.02,AF04
2025-05-17T23:48:24Z,-0.54,0.06,43.06457666666667,-89.417705,47,514,-0.02,AF04
2025-05-17T23:49:54Z,-0.45,0.04000000000000001,43.05844333333334,-89.42713166666667,NA,514,-0.07,AF04
2025-05-17T23:49:55Z,-0.47,0.03000000000000001,43.05844333333334,-89.42713166666667,12,514,-0.07,AF04
2025-05-17T23:49:56Z,-0.5399999999999999,0.020000000000000004,43.058415,-89.42717333333333,27,514,-0.07,AF04
2025-05-17T23:49:57Z,-0.49,0.020000000000000004,43.058365,-89.427245,43,514,-0.07,AF04
2025-05-17T23:52:53Z,-0.51,0.03,43.05020666666667,-89.45078166666667,NA,514,-0.05,AF04
2025-05-17T23:52:54Z,-0.53,-0.1,43.05019333333333,-89.45089333333334,39,514,-0.05,AF04
2025-05-18T00:35:50Z,-0.48,-0.05,43.04741833333331,-89.47359833333331,NA,514,0.01,AF04
2025-05-18T00:35:51Z,-0.42,-0.08,43.047338333333315,-89.4736,23,514,0.01,AF04
2025-05-18T00:36:13Z,-0.435,0.009999999999999997,43.04552333333332,-89.47219833333332,81,514,-0.06,AF04
2025-05-18T00:44:56Z,-0.41999999999999993,-0.13,43.06825333333332,-89.38484333333332,7,514,0.02,AF04
2025-05-18T18:22:15Z,-0.49999999999999994,-0.04000000000000001,43.07099,-89.39171833333332,10,521,-0.03,AF04
2025-05-18T18:22:16Z,-0.49999999999999994,0.009999999999999998,43.070955,-89.391765,24,521,-0.03,AF04
2025-05-18T18:22:17Z,-0.43,0.03,43.070895,-89.391845,42,521,-0.03,AF04
2025-05-18T18:24:22Z,-0.5599999999999999,0,43.07096333333332,-89.40056833333337,NA,521,-0.03,AF04
2025-05-18T18:24:23Z,-0.47,-0.06,43.07096333333332,-89.40062333333331,26,521,-0.03,AF04
2025-05-18T18:24:24Z,-0.51,0.009999999999999998,43.07096333333332,-89.40069666666668,40,521,-0.03,AF04
2025-05-18T23:32:00Z,-0.42999999999999994,0,43.07080666666669,-89.39587166666668,46,522,-0.06,AF04
2025-05-20T01:20:56Z,-0.47,-0.020000000000000004,43.06771166666667,-89.40072166666667,16,526,-0.06,AF04
2025-05-20T01:20:57Z,-0.48,-0.05,43.06771333333333,-89.40077833333334,NA,526,-0.06,AF04
2025-05-21T00:42:50Z,-0.53,-0.03,43.07193,-89.405725,NA,532,-0.03,AF04
2025-05-21T00:42:51Z,-0.47,-0.020000000000000004,43.07194333333333,-89.40573166666667,NA,532,-0.03,AF04
2025-05-21T00:44:39Z,-0.52,0,43.07646166666667,-89.41256166666666,17,532,-0.07,AF04
2025-05-21T00:44:40Z,-0.46,0.020000000000000004,43.076463333333336,-89.41263333333333,31,532,-0.07,AF04
2025-05-21T00:44:41Z,-0.6,0.03000000000000001,43.07646166666667,-89.412755,44,532,-0.07,AF04
2025-05-21T00:44:42Z,-0.48,-0.03,43.07646166666667,-89.41291666666666,NA,532,-0.07,AF04
2025-05-21T00:45:00Z,-0.41999999999999993,0.009999999999999997,43.07648666666667,-89.41575166666667,NA,532,-0.06,AF04
2025-05-21T00:45:01Z,-0.6499999999999999,-0.020000000000000004,43.076485,-89.415795,15,532,-0.06,AF04
2025-05-21T00:45:02Z,-0.64,0.019999999999999997,43.076481666666666,-89.41588833333333,31,532,-0.06,AF04
2025-05-21T00:45:03Z,-0.5499999999999999,-0.04000000000000001,43.076483333333336,-89.416015,49,532,-0.06,AF04
2025-05-21T02:10:30Z,-0.415,-0.01,43.07214666666667,-89.40428166666666,12,533,-0.01,AF04
2025-05-21T23:09:18Z,-0.425,0,43.07101,-89.40396333333334,NA,534,-0.04,AF04
2025-05-21T23:10:32Z,-0.54,-0.08,43.072066666666665,-89.40574666666667,27,534,-0.02,AF04
2025-05-21T23:10:33Z,-0.47,-0.13,43.07215,-89.405735,43,534,-0.02,AF04
2025-05-21T23:11:39Z,-0.4300000000000001,-0.02499999999999999,43.07497333333333,-89.40623833333333,24,534,-0.035,AF04
2025-05-21T23:11:40Z,-0.47,0.025,43.075025,-89.40624333333334,36,534,-0.035,AF04
2025-05-21T23:11:41Z,-0.44000000000000006,0.155,43.075113333333334,-89.40624166666667,NA,534,-0.035,AF04
2025-05-22T01:14:33Z,-0.4950000000000001,0.019999999999999997,43.073238333333336,-89.413975,30,536,-0.06,AF04
2025-05-22T01:14:34Z,-0.475,-0.010000000000000007,43.07316333333333,-89.41396166666667,44,536,-0.06,AF04
2025-05-22T01:16:03Z,-0.52,-0.06999999999999999,43.06796,-89.41400333333333,NA,536,-0.02,AF04
2025-05-22T01:16:04Z,-0.56,-0.1,43.06794166666667,-89.41400333333333,13,536,-0.02,AF04
2025-05-22T01:35:57Z,-0.5499999999999999,-0.14,43.068758333333335,-89.392595,NA,537,-0.05,AF04
2025-05-22T01:35:58Z,-0.51,-0.34,43.06876,-89.39259,15,537,-0.05,AF04
2025-05-22T14:18:59Z,-0.51,0,43.071403333333336,-89.39049333333334,23,540,-0.06,AF04
2025-05-22T14:19:00Z,-0.44,-0.010000000000000007,43.071403333333336,-89.39049333333334,NA,540,-0.06,AF04
2025-05-22T14:20:17Z,-0.47,0.010000000000000002,43.071040000000004,-89.40052833333333,NA,540,-0.05,AF04
2025-05-22T14:20:18Z,-0.47,-0.08,43.071043333333336,-89.40058833333333,25,540,-0.05,AF04
2025-05-22T14:20:19Z,-0.45,-0.039999999999999994,43.071040000000004,-89.400645,40,540,-0.05,AF04
2025-05-22T14:20:54Z,-0.48999999999999994,-0.009999999999999997,43.07108,-89.40393166666667,18,540,-0.05,AF04
2025-05-22T14:20:55Z,-0.47,-0.039999999999999994,43.07107833333333,-89.40399833333333,33,540,-0.05,AF04
2025-05-22T14:20:56Z,-0.43,-0.08,43.07107666666667,-89.40411833333333,44,540,-0.05,AF04
2025-05-22T14:23:32Z,-0.46,0.065,43.07502,-89.40617833333333,31,540,-0.055,AF04
2025-05-22T14:23:33Z,-0.4300000000000001,0.105,43.07511,-89.40618166666667,41,540,-0.055,AF04
2025-05-22T14:24:55Z,-0.5499999999999999,0.009999999999999997,43.076445,-89.41251666666666,17,540,-0.08,AF04
2025-05-22T14:24:56Z,-0.5499999999999999,0.009999999999999997,43.07644333333333,-89.41257166666666,35,540,-0.08,AF04
2025-05-22T14:24:57Z,-0.5299999999999999,0.009999999999999997,43.07644333333333,-89.41269166666666,NA,540,-0.08,AF04
2025-05-22T14:30:33Z,-0.42,-0.010000000000000002,43.078555,-89.43257,17,540,-0.03,AF04
2025-05-22T14:30:34Z,-0.44,-0.15,43.07856833333334,-89.43251666666667,30,540,-0.03,AF04
2025-05-22T16:04:16Z,-0.415,0.009999999999999998,43.07382333333333,-89.434755,63,542,-0.03,AF04
2025-05-22T16:04:56Z,-0.415,-0.010000000000000002,43.07487666666667,-89.43855166666667,NA,542,-0.03,AF04
2025-05-22T16:04:57Z,-0.445,-0.010000000000000002,43.07487666666667,-89.43855166666667,9,542,-0.03,AF04
2025-05-22T16:04:59Z,-0.415,0,43.07489,-89.43866,NA,542,-0.03,AF04
2025-05-22T17:00:16Z,-0.5449999999999999,-0.010000000000000002,43.08686333333333,-89.48147333333333,25,543,-0.04,AF04
2025-05-22T17:00:17Z,-0.5049999999999999,0.05,43.08680833333333,-89.48136833333334,43,543,-0.04,AF04
2025-05-22T17:00:18Z,-0.445,0.06,43.08673,-89.48121,60,543,-0.04,AF04
2025-05-22T17:00:19Z,-0.445,0.12,43.086623333333335,-89.48102,75,543,-0.04,AF04
2025-05-22T17:04:57Z,-0.51,0.1,43.07517166666667,-89.44425833333334,32,543,-0.03,AF04
2025-05-22T17:04:58Z,-0.49999999999999994,-0.23,43.075156666666665,-89.44412833333334,53,543,-0.03,AF04
2025-05-22T17:10:09Z,-0.505,0.004999999999999999,43.07116166666667,-89.40576166666666,NA,543,-0.015,AF04
2025-05-22T17:10:10Z,-0.465,-0.265,43.07115833333334,-89.40576,12,543,-0.015,AF04
2025-05-24T16:07:28Z,-0.62,-0.0050000000000000044,43.07647333333333,-89.41258166666667,13,546,-0.065,AF04
2025-05-24T16:07:29Z,-0.5,0.035,43.07648,-89.41265,29,546,-0.065,AF04
2025-05-24T16:07:30Z,-0.5599999999999999,0.0050000000000000044,43.07648,-89.41277,46,546,-0.065,AF04
2025-05-24T16:07:31Z,-0.47,0.045,43.076481666666666,-89.41292666666666,60,546,-0.065,AF04
2025-05-24T16:07:51Z,-0.49,0.065,43.07650833333334,-89.415945,29,546,-0.065,AF04
2025-05-24T16:07:52Z,-0.5,-0.035,43.07650833333334,-89.41607,41,546,-0.065,AF04
2025-05-24T16:07:53Z,-0.51,0.0050000000000000044,43.07651,-89.41624333333333,58,546,-0.065,AF04
2025-05-24T18:58:17Z,-0.4650000000000001,-0.07,43.07646666666667,-89.41280833333333,24,547,-0.04,AF04
2025-05-24T18:58:19Z,-0.44500000000000006,-0.09,43.076465,-89.41258333333333,48,547,-0.04,AF04
2025-05-24T19:01:41Z,-0.4300000000000001,-0.009999999999999998,43.07219166666667,-89.40554666666667,33,547,-0.02,AF04
2025-05-24T19:01:42Z,-0.42,0.06,43.072208333333336,-89.40542,45,547,-0.02,AF04
2025-05-24T19:02:58Z,-0.5,-0.19,43.072113333333334,-89.39935666666666,52,547,0.01,AF04
2025-05-24T19:03:21Z,-0.48,0,43.07209666666667,-89.39759833333333,10,547,-0.01,AF04
2025-05-24T19:03:22Z,-0.43999999999999995,0,43.0721,-89.39754166666667,29,547,-0.01,AF04
2025-05-24T19:03:50Z,-0.49,0.01,43.07203166666667,-89.39610166666667,16,547,-0.01,AF04
2025-05-24T19:03:51Z,-0.48,-0.019999999999999997,43.07203166666667,-89.39604833333334,29,547,-0.01,AF04
2025-05-24T22:20:54Z,-0.48499999999999993,0.010000000000000002,43.070991666666664,-89.39177333333333,20,549,-0.04,AF04
2025-05-24T22:20:55Z,-0.455,-0.060000000000000005,43.070945,-89.39183833333334,40,549,-0.04,AF04
2025-05-24T22:20:56Z,-0.435,-0.03000000000000001,43.07087333333333,-89.391945,50,549,-0.04,AF04
2025-05-24T22:22:52Z,-0.415,0.015000000000000005,43.07100666666667,-89.40055666666666,NA,549,-0.035,AF04
2025-05-24T22:22:53Z,-0.465,0.0050000000000000044,43.07100666666667,-89.40055666666666,8,549,-0.035,AF04
2025-05-24T22:22:54Z,-0.495,0.0050000000000000044,43.07101,-89.40060166666666,22,549,-0.035,AF04
2025-05-24T22:22:55Z,-0.505,0.025,43.07100666666667,-89.40070166666666,37,549,-0.035,AF04
2025-05-24T22:22:56Z,-0.465,0.015000000000000005,43.07100833333333,-89.400845,49,549,-0.035,AF04
2025-05-24T23:12:46Z,-0.5149999999999999,0,43.07189,-89.40089166666667,43,550,-0.03,AF04
2025-05-24T23:15:59Z,-0.48,0.010000000000000002,43.056853333333336,-89.39904666666666,36,550,-0.04,AF04
2025-05-24T23:25:40Z,-0.5,0,43.035576666666664,-89.40646166666667,NA,550,-0.04,AF04
2025-05-24T23:25:41Z,-0.5700000000000001,0.06,43.035576666666664,-89.40646166666667,15,550,-0.04,AF04
2025-05-24T23:25:42Z,-0.55,0.2,43.035545,-89.40650666666667,34,550,-0.04,AF04
2025-05-24T23:25:43Z,-0.49,0.06,43.03550333333333,-89.40661166666666,49,550,-0.04,AF04
2025-05-24T23:25:44Z,-0.5,-0.24999999999999997,43.035475,-89.40677333333333,NA,550,-0.04,AF04
2025-05-24T23:25:45Z,-0.42,-0.4,43.035428333333336,-89.40698833333333,71,550,-0.04,AF04
2025-05-24T23:48:10Z,-0.41999999999999993,-0.15000000000000002,43.05386333333333,-89.50340833333334,NA,550,-0.02,AF04
2025-05-24T23:48:11Z,-0.42999999999999994,-0.06,43.05383833333333,-89.50355666666667,48,550,-0.02,AF04
2025-05-24T23:48:12Z,-0.47,-0.039999999999999994,43.053803333333335,-89.503745,61,550,-0.02,AF04
2025-05-24T23:48:13Z,-0.45,-0.02,43.05376,-89.50397,72,550,-0.02,AF04
2025-05-25T18:19:15Z,-0.55,-0.010000000000000002,43.07101666666668,-89.39173666666669,15,557,-0.03,AF04
2025-05-25T18:19:16Z,-0.53,-0.020000000000000004,43.070975,-89.39178833333337,38,557,-0.03,AF04
2025-05-25T18:20:31Z,-0.45,-0.039999999999999994,43.07095666666669,-89.39895333333331,9,557,-0.05,AF04
2025-05-25T18:20:32Z,-0.46,-0.03,43.07096333333332,-89.39900166666669,21,557,-0.05,AF04
2025-05-26T15:35:35Z,-0.48,0.0049999999999999975,43.071331666666666,-89.39042333333333,20,562,-0.055,AF04
2025-05-26T15:35:36Z,-0.44,0.015,43.071331666666666,-89.39042333333333,34,562,-0.055,AF04
2025-05-26T21:50:19Z,-0.5199999999999999,0.17,43.067681666666665,-89.40407833333333,16,563,-0.03,AF04
2025-05-26T21:50:20Z,-0.58,-0.03,43.067705,-89.40420333333333,26,563,-0.03,AF04
2025-05-26T21:50:21Z,-0.5299999999999999,-0.03,43.0677,-89.40434,45,563,-0.03,AF04
2025-05-26T21:52:06Z,-0.47,0.05,43.067636666666665,-89.41311166666667,48,563,-0.02,AF04
2025-05-26T21:53:00Z,-0.455,0.009999999999999998,43.065538333333336,-89.41624,NA,563,-0.03,AF04
2025-05-27T22:50:22Z,-0.6,0.19,43.06761,-89.39684166666666,21,564,-0.08,AF04
2025-05-27T22:50:23Z,-0.61,-0.06000000000000001,43.06762166666667,-89.396935,39,564,-0.08,AF04
2025-05-28T01:01:39Z,-0.4300000000000001,-0.04,43.07642,-89.41278333333334,36,566,-0.04,AF04
2025-05-28T01:03:34Z,-0.5499999999999999,-0.14,43.07350666666667,-89.40621833333333,NA,566,-0.05,AF04
2025-05-28T01:03:35Z,-0.5299999999999999,-0.26,43.07348666666667,-89.40621,13,566,-0.05,AF04
2025-05-28T01:05:16Z,-0.42,0.019999999999999997,43.07214666666667,-89.40104,NA,566,-0.03,AF04
2025-05-28T01:05:17Z,-0.42,0.019999999999999997,43.07214666666667,-89.40102833333333,16,566,-0.03,AF04
2025-05-28T01:05:18Z,-0.51,0,43.072145,-89.40095166666667,31,566,-0.03,AF04
2025-05-28T01:05:19Z,-0.54,0,43.07214166666667,-89.40083,47,566,-0.03,AF04
2025-05-29T02:23:55Z,-0.44,-0.04,43.072158333333334,-89.40089666666667,43,570,-0.04,AF04
2025-05-29T23:31:55Z,-0.49,0.03,43.046795,-89.37451833333333,NA,573,-0.02,AF04
2025-05-29T23:31:56Z,-0.48,0.02,43.046785,-89.37451666666666,18,573,-0.02,AF04
2025-05-29T23:31:57Z,-0.43999999999999995,-0.02,43.04675,-89.374465,31,573,-0.02,AF04
2025-05-29T23:40:02Z,-0.55,-0.36,43.05385666666667,-89.50284333333333,12,573,0,AF04
2025-05-29T23:40:03Z,-0.48,-0.4,43.05386,-89.50289333333333,23,573,0,AF04
2025-05-30T00:59:53Z,-0.4300000000000001,0.020000000000000004,43.05256833333331,-89.502665,39,574,-0.05,AF04
2025-05-30T01:10:18Z,-0.46,0.09,43.07119333333331,-89.38878333333332,NA,574,-0.05,AF04
2025-05-30T01:10:19Z,-0.5,-0.09000000000000001,43.07120166666668,-89.38879666666668,9,574,-0.05,AF04
2025-05-30T01:10:42Z,-0.46,-0.05,43.070186666666686,-89.39061166666669,25,574,-0.05,AF04
2025-05-30T01:10:43Z,-0.42,-0.039999999999999994,43.07014333333332,-89.39068,37,574,-0.05,AF04
2025-05-30T01:11:25Z,-0.48,-0.03,43.06902833333332,-89.39223,21,574,-0.05,AF04
2025-05-30T01:14:13Z,-0.455,0.009999999999999998,43.06948333333332,-89.40575333333331,2,574,-0.03,AF04
2025-05-30T01:14:14Z,-0.445,-0.010000000000000002,43.06950166666668,-89.40575333333331,14,574,-0.03,AF04
2025-05-30T01:14:33Z,-0.445,-0.05,43.070935,-89.40573,7,574,-0.03,AF04
2025-05-30T01:14:34Z,-0.445,-0.020000000000000004,43.07096,-89.40572833333331,19,574,-0.03,AF04
2025-05-31T00:06:15Z,-0.55,-0.03,43.07103,-89.391765,7,580,-0.03,AF04
2025-05-31T00:06:16Z,-0.6399999999999999,-0.03,43.070993333333334,-89.39180666666667,22,580,-0.03,AF04
2025-05-31T00:12:44Z,-0.41999999999999993,0.020000000000000004,43.07645333333333,-89.41256666666666,12,580,-0.07,AF04
2025-05-31T01:07:01Z,-0.43,-0.03,43.07241,-89.42399833333333,36,581,-0.06,AF04
2025-05-31T01:07:02Z,-0.45,-0.05,43.07243666666667,-89.42371,48,581,-0.06,AF04
2025-05-31T01:42:58Z,-0.5,-0.07,43.06704833333333,-89.395435,NA,582,-0.03,AF04
2025-05-31T01:45:32Z,-0.48,-0.11,43.070971666666665,-89.39181833333333,18,582,-0.02,AF04
2025-05-31T19:58:24Z,-0.48499999999999993,-0.18,43.070978333333336,-89.39181333333333,NA,586,-0.03,AF04
2025-05-31T20:00:18Z,-0.47,-0.06,43.07100333333333,-89.400625,28,586,-0.03,AF04
2025-05-31T21:03:28Z,-0.51,-0.03,43.076463333333336,-89.41575666666667,9,587,-0.05,AF04
2025-05-31T21:03:29Z,-0.6699999999999999,-0.05,43.076465,-89.415825,23,587,-0.05,AF04
2025-05-31T21:03:30Z,-0.47,-0.03,43.07646666666667,-89.41595333333333,43,587,-0.05,AF04
2025-05-31T22:49:25Z,-0.42,-0.04000000000000001,43.06789166666667,-89.42912333333334,42,589,-0.06,AF04
2025-05-31T22:49:26Z,-0.4300000000000001,0.03,43.0678,-89.42924833333333,55,589,-0.06,AF04
2025-05-31T22:51:03Z,-0.45,0.19,43.06086166666667,-89.43887666666667,40,589,-0.12,AF04
2025-05-31T22:52:34Z,-0.42,0.019999999999999997,43.060826666666664,-89.45084166666666,NA,589,-0.03,AF04
2025-05-31T22:52:35Z,-0.42,0.009999999999999998,43.060826666666664,-89.45084166666666,9,589,-0.03,AF04
2025-05-31T22:52:36Z,-0.42,0,43.060826666666664,-89.45089166666666,25,589,-0.03,AF04
2025-05-31T22:52:37Z,-0.47,-0.03,43.06083,-89.450975,37,589,-0.03,AF04
2025-05-31T22:52:38Z,-0.46,-0.010000000000000002,43.06084333333333,-89.45109333333333,NA,589,-0.03,AF04
2025-05-31T22:55:22Z,-0.49499999999999994,-0.03,43.05378666666667,-89.46529666666666,18,589,0,AF04
2025-05-31T22:55:23Z,-0.435,-0.05,43.053745,-89.465365,32,589,0,AF04
2025-05-31T22:55:24Z,-0.465,-0.06,43.05368,-89.46546666666667,46,589,0,AF04
2025-05-31T22:55:25Z,-0.445,-0.08,43.05359333333333,-89.46560166666667,62,589,0,AF04
2025-05-31T23:11:25Z,-0.47,0,43.05025,-89.50287333333333,NA,589,-0.03,AF04
2025-05-31T23:11:56Z,-0.48,0,43.05254166666667,-89.50273166666666,41,589,-0.03,AF04
2025-05-31T23:11:57Z,-0.5299999999999999,0.03,43.052571666666665,-89.502585,56,589,-0.03,AF04
2025-05-31T23:11:58Z,-0.47,-0.010000000000000002,43.052605,-89.50237833333334,71,589,-0.03,AF04
2025-05-31T23:11:59Z,-0.47,-0.020000000000000004,43.05264,-89.502125,NA,589,-0.03,AF04
2025-05-31T23:24:08Z,-0.41999999999999993,0.07,43.07118833333333,-89.38874166666666,21,589,-0.05,AF04
2025-05-31T23:24:09Z,-0.41999999999999993,0.05,43.071223333333336,-89.38879833333333,33,589,-0.05,AF04
2025-06-01T17:11:51Z,-0.47,0.01,43.07207,-89.39601833333333,NA,594,0.01,AF04
2025-06-01T17:11:52Z,-0.55,0,43.072068333333334,-89.39601833333333,17,594,0.01,AF04
2025-06-01T17:11:53Z,-0.7,-0.02,43.072066666666665,-89.39595666666666,NA,594,0.01,AF04
2025-06-01T17:11:54Z,-0.6499999999999999,-0.12,43.07206,-89.39583166666667,40,594,0.01,AF04
2025-06-01T21:20:45Z,-0.41999999999999993,0.11,43.067775,-89.41280833333333,18,596,-0.08,AF04
2025-06-01T21:20:47Z,-0.46,0.1,43.0678,-89.41259333333333,43,596,-0.08,AF04
2025-06-01T21:24:24Z,-0.49,-0.11,43.067568333333334,-89.39413666666667,5,596,-0.01,AF04
2025-06-01T21:24:25Z,-0.51,-0.04,43.067586666666664,-89.39410666666667,23,596,-0.01,AF04
2025-06-01T21:24:26Z,-0.45,-0.05,43.06765,-89.39405,37,596,-0.01,AF04
2025-06-02T02:37:13Z,-0.44,0.135,43.061995,-89.40089166666667,29,598,-0.055,AF04
2025-06-02T02:45:25Z,-0.6399999999999999,-0.010000000000000002,43.0157,-89.43985833333333,20,598,-0.03,AF04
2025-06-02T02:45:26Z,-0.6699999999999999,-0.020000000000000004,43.01569333333333,-89.43993,42,598,-0.03,AF04
2025-06-02T02:45:27Z,-0.54,-0.04000000000000001,43.01569166666667,-89.440065,NA,598,-0.03,AF04
2025-06-02T02:45:28Z,-0.42,-0.020000000000000004,43.01569166666667,-89.44026333333333,59,598,-0.03,AF04
2025-06-02T06:24:34Z,-0.43,0.020000000000000004,43.068995,-89.39239833333333,NA,600,-0.07,AF04
2025-06-02T06:24:35Z,-0.43,0.010000000000000007,43.068995,-89.3924,10,600,-0.07,AF04
2025-06-02T06:28:37Z,-0.5,0.16,43.06765,-89.40234166666667,27,600,-0.07,AF04
2025-06-02T06:28:38Z,-0.6000000000000001,0.1,43.067656666666664,-89.402245,NA,600,-0.07,AF04
2025-06-02T06:28:39Z,-0.48,0.07,43.06766,-89.40209333333334,48,600,-0.07,AF04
2025-06-04T22:44:15Z,-0.42999999999999994,-0.075,43.07098333333333,-89.39903666666666,NA,613,-0.045,AF04
2025-06-04T22:44:16Z,-0.49,-0.035,43.070978333333336,-89.39908,NA,613,-0.045,AF04
2025-06-04T22:44:45Z,-0.42,0.034999999999999996,43.07098666666667,-89.40055833333334,NA,613,-0.045,AF04
2025-06-04T22:44:47Z,-0.43999999999999995,0.0049999999999999975,43.070993333333334,-89.40061833333333,NA,613,-0.045,AF04
2025-06-05T04:07:59Z,-0.5,0.05,43.071196666666665,-89.38873833333334,NA,616,-0.01,AF04
2025-06-05T04:08:00Z,-0.5449999999999999,0.060000000000000005,43.07120166666667,-89.38874833333334,NA,616,-0.05,AF04
2025-06-05T04:08:01Z,-0.435,0.05,43.07123833333333,-89.38880333333333,NA,616,-0.05,AF04
2025-06-08T13:38:55Z,-0.46,-0.010000000000000002,43.071005,-89.39178833333334,NA,627,-0.04,AF04
2025-06-08T13:38:56Z,-0.47,0,43.070971666666665,-89.39182666666666,NA,627,-0.04,AF04
2025-06-08T13:41:55Z,-0.48,-0.0049999999999999975,43.06775833333333,-89.40387666666666,NA,627,-0.035,AF04
2025-06-08T13:42:50Z,-0.48,0.009999999999999997,43.067796666666666,-89.408835,NA,628,-0.06,AF04
2025-06-08T13:42:51Z,-0.53,0,43.067791666666665,-89.40888666666666,NA,628,-0.06,AF04
2025-06-08T13:42:52Z,-0.42,0.009999999999999997,43.067791666666665,-89.40898833333334,NA,628,-0.06,AF04
2025-06-08T14:08:44Z,-0.46,-0.060000000000000005,43.06769333333333,-89.40418,NA,628,0.01,AF04
2025-06-08T14:08:45Z,-0.45,-0.01,43.067695,-89.40411,NA,628,0.01,AF04
2025-06-11T01:31:23Z,-0.6000000000000001,-0.02500000000000001,43.067715,-89.402305,NA,635,-0.08499999999999999,AF04
2025-06-11T01:31:24Z,-0.5800000000000001,-0.02500000000000001,43.06771333333333,-89.40240833333333,NA,635,-0.08499999999999999,AF04
2025-06-11T01:31:25Z,-0.46,-0.0050000000000000044,43.06771333333333,-89.40256166666667,NA,635,-0.08499999999999999,AF04
2025-06-11T22:43:22Z,-0.44,-0.02,43.07098333333333,-89.39179,NA,637,-0.02,AF04
2025-06-12T23:04:12Z,-0.44000000000000006,0.02,43.07327333333333,-89.40044666666667,NA,642,0,AF04
2025-06-12T23:05:00Z,-0.46,0.01999999999999999,43.074935,-89.40624333333334,NA,642,-0.09,AF04
2025-06-12T23:06:33Z,-0.52,0,43.076463333333336,-89.41273666666666,NA,642,-0.05,AF04
2025-06-12T23:06:34Z,-0.5,0,43.076463333333336,-89.412845,NA,642,-0.05,AF04
2025-06-13T00:31:57Z,-0.4950000000000001,-0.01,43.07867666666667,-89.430715,NA,643,0,AF04
2025-06-13T00:31:58Z,-0.415,0.04,43.078645,-89.43061666666667,NA,643,0,AF04
2025-06-13T00:33:36Z,-0.44000000000000006,-0.16999999999999998,43.07282,-89.42518833333334,NA,643,-0.07,AF04
2025-06-13T00:35:50Z,-0.48,-0.09,43.07334,-89.41271166666667,NA,643,-0.02,AF04
2025-06-13T00:35:51Z,-0.43999999999999995,-0.19,43.07333666666667,-89.41257,NA,643,-0.02,AF04
2025-06-13T00:36:38Z,-0.46,0.009999999999999998,43.072898333333335,-89.40918666666667,NA,643,-0.03,AF04
2025-06-13T00:36:39Z,-0.5,-0.010000000000000002,43.072878333333335,-89.409115,NA,643,-0.03,AF04
2025-06-13T00:36:40Z,-0.51,-0.020000000000000004,43.07284,-89.40901166666667,NA,643,-0.03,AF04
2025-06-15T14:46:17Z,-0.47,-0.06,43.06413833333333,-89.40244666666666,NA,652,-0.05,AF04
2025-06-15T14:46:18Z,-0.49999999999999994,-0.06999999999999999,43.06417833333333,-89.402445,NA,652,-0.05,AF04
2025-06-15T19:20:25Z,-0.42,0.03,43.07098666666667,-89.40084,NA,653,-0.06,AF04
2025-06-15T23:31:27Z,-0.505,0,43.07202,-89.39766833333333,NA,655,-0.03,AF04
2025-06-15T23:31:28Z,-0.4449999999999999,0,43.07202,-89.39766666666667,NA,655,-0.03,AF04
2025-06-15T23:31:56Z,-0.4449999999999999,0.009999999999999998,43.072001666666665,-89.39602666666667,NA,655,-0.03,AF04
2025-06-16T00:21:44Z,-0.48,0,43.04602333333333,-89.47377333333333,NA,656,-0.02,AF04
2025-06-16T00:21:45Z,-0.5499999999999999,-0.02,43.04602166666667,-89.47376833333334,NA,656,-0.02,AF04
2025-06-16T00:21:46Z,-0.72,-0.14,43.04599833333333,-89.47371166666667,NA,656,-0.02,AF04
2025-06-16T00:21:47Z,-0.59,-0.21,43.04598,-89.47366333333333,NA,656,-0.02,AF04
2025-06-16T00:21:48Z,-0.6,-0.21,43.045865,-89.473425,NA,656,-0.02,AF04
2025-06-16T00:21:49Z,-0.47,-0.08,43.04580333333333,-89.473215,NA,656,-0.02,AF04
2025-06-16T23:32:47Z,-0.43500000000000005,-0.075,43.07087333333333,-89.395865,NA,661,-0.045,AF04
2025-06-17T00:30:55Z,-0.44000000000000006,0.039999999999999994,43.07326166666667,-89.41393,NA,662,-0.06,AF04
2025-06-17T00:50:36Z,-0.46,-0.04000000000000001,43.067681666666665,-89.41285333333333,NA,662,-0.06,AF04
2025-06-17T00:50:37Z,-0.45,0.03,43.067703333333334,-89.412825,NA,662,-0.06,AF04
2025-06-17T00:50:38Z,-0.43999999999999995,0.2,43.067748333333334,-89.41275,NA,662,-0.06,AF04
2025-06-17T00:55:17Z,-0.455,-0.020000000000000004,43.07088666666667,-89.39186166666667,NA,662,-0.03,AF04
2025-06-17T00:55:18Z,-0.5249999999999999,-0.15,43.070908333333335,-89.391835,NA,662,-0.03,AF04
2025-06-18T22:57:34Z,-0.5,0,43.07094,-89.40055333333333,NA,669,-0.02,AF04
2025-06-18T22:57:35Z,-0.5599999999999999,-0.009999999999999998,43.07093666666667,-89.40057833333333,NA,669,-0.02,AF04
2025-06-18T22:57:36Z,-0.5399999999999999,-0.02,43.07093666666667,-89.40062,NA,669,-0.02,AF04
2025-06-18T22:57:37Z,-0.52,-0.02,43.07094,-89.40067166666667,NA,669,-0.02,AF04
2025-06-19T22:55:52Z,-0.49,0,43.07093166666667,-89.399055,NA,671,-0.05,AF04
2025-06-19T22:55:53Z,-0.4600000000000001,-0.020000000000000004,43.070933333333336,-89.39917666666666,NA,671,-0.05,AF04
2025-06-19T23:00:17Z,-0.425,0.08,43.075181666666666,-89.40620166666666,NA,671,-0.04,AF04
2025-06-19T23:00:28Z,-0.45500000000000007,0.04,43.07601,-89.40596166666667,NA,671,-0.04,AF04
2025-06-19T23:00:29Z,-0.43500000000000005,-0.16,43.076011666666666,-89.40596333333333,NA,671,-0.04,AF04
2025-06-19T23:01:30Z,-0.45,0,43.076431666666664,-89.41277166666667,NA,671,-0.05,AF04
2025-06-20T00:27:00Z,-0.51,0.0049999999999999975,43.07723166666667,-89.429035,NA,672,-0.045,AF04
2025-06-20T00:27:01Z,-0.4700000000000001,-0.34500000000000003,43.077225,-89.42903333333334,NA,672,-0.045,AF04
2025-06-20T00:27:43Z,-0.42,0.095,43.07600166666667,-89.42519,NA,672,-0.045,AF04
2025-06-20T00:29:38Z,-0.55,-0.08000000000000002,43.07325,-89.413965,NA,672,-0.06,AF04
2025-06-20T00:29:39Z,-0.49,0.039999999999999994,43.07316,-89.41396,NA,672,-0.06,AF04
2025-06-20T00:53:58Z,-0.43999999999999995,-0.020000000000000004,43.06764166666667,-89.40128833333333,NA,673,-0.03,AF04
2025-06-20T00:53:59Z,-0.49,0,43.06764166666667,-89.40122333333333,NA,673,-0.03,AF04
2025-06-20T00:54:52Z,-0.425,0.020000000000000004,43.067075,-89.39540166666667,NA,673,-0.05,AF04
2025-06-20T00:54:53Z,-0.455,-0.18,43.06706833333333,-89.395375,NA,673,-0.05,AF04
2025-06-20T00:56:10Z,-0.51,-0.06,43.070933333333336,-89.39183,NA,673,-0.02,AF04
2025-06-20T23:32:22Z,-0.5,-0.019999999999999997,43.07141166666667,-89.39049333333334,NA,674,-0.04,AF04
2025-06-20T23:32:23Z,-0.55,-0.019999999999999997,43.07141166666667,-89.39049333333334,NA,674,-0.04,AF04
2025-06-20T23:32:24Z,-0.45,-0.11,43.07141166666667,-89.39049333333334,NA,674,-0.04,AF04
2025-06-20T23:32:25Z,-0.48,-0.03000000000000001,43.07141166666667,-89.39049333333334,NA,674,-0.04,AF04
2025-06-20T23:33:49Z,-0.43500000000000005,0.015,43.070928333333335,-89.39902,NA,674,-0.055,AF04
2025-06-20T23:33:50Z,-0.44500000000000006,-0.055,43.070933333333336,-89.39914,NA,674,-0.055,AF04
2025-06-20T23:35:20Z,-0.57,0.015,43.072015,-89.40574,NA,674,-0.005,AF04
2025-06-20T23:35:21Z,-0.53,0.005,43.07207833333333,-89.40573833333333,NA,674,-0.005,AF04
2025-06-20T23:36:26Z,-0.52,-0.01,43.07310833333333,-89.40593166666666,NA,674,0.02,AF04
2025-06-20T23:36:27Z,-0.52,-0.08,43.073105,-89.405935,NA,674,0.02,AF04
2025-06-20T23:36:28Z,-0.51,-0.1,43.073148333333336,-89.40597333333334,NA,674,0.02,AF04
2025-06-20T23:36:47Z,-0.43999999999999995,-0.01,43.07481666666666,-89.40627,NA,674,0.02,AF04
2025-06-20T23:37:02Z,-0.43500000000000005,0.035,43.075875,-89.40595333333333,NA,674,-0.065,AF04
2025-06-20T23:37:03Z,-0.495,-0.035,43.075873333333334,-89.40595166666667,NA,674,-0.065,AF04
2025-06-20T23:37:04Z,-0.515,-0.195,43.07589333333333,-89.405945,NA,674,-0.065,AF04
2025-06-20T23:37:05Z,-0.43500000000000005,-0.425,43.075981666666664,-89.405945,NA,674,-0.065,AF04
2025-06-21T01:32:27Z,-0.48499999999999993,-0.01,43.07642166666667,-89.41284666666667,NA,676,-0.01,AF04
2025-06-21T01:32:28Z,-0.655,-0.11,43.07642166666667,-89.41279,NA,676,-0.01,AF04
2025-06-21T01:33:41Z,-0.42999999999999994,-0.095,43.075268333333334,-89.40621166666666,NA,676,-0.055,AF04
2025-06-21T01:33:42Z,-0.62,-0.105,43.075226666666666,-89.40622,NA,676,-0.055,AF04
2025-06-21T01:33:43Z,-0.52,-0.065,43.07514666666667,-89.406225,NA,676,-0.055,AF04
2025-06-21T01:34:32Z,-0.49,-0.019999999999999997,43.07353333333333,-89.40620333333334,NA,676,-0.04,AF04
2025-06-21T01:34:33Z,-0.43999999999999995,-0.19,43.07352,-89.406205,NA,676,-0.04,AF04
2025-06-21T19:49:36Z,-0.43,-0.05,43.068511666666666,-89.38451666666667,NA,679,-0.01,AF04
2025-06-21T20:49:42Z,-0.43,0.06,42.65180333333333,-88.742865,NA,679,-0.04,AF04
2025-06-21T20:53:46Z,-0.43999999999999995,-0.21,42.60844,-88.72335,NA,679,-0.02,AF04
2025-06-21T20:53:47Z,-0.5199999999999999,-0.47,42.60843166666667,-88.72332,NA,679,-0.02,AF04
2025-06-21T20:53:48Z,-0.64,-0.51,42.608446666666666,-88.72322166666666,NA,679,-0.02,AF04
2025-06-21T20:53:49Z,-0.5599999999999999,-0.53,42.6085,-88.72308833333334,NA,679,-0.02,AF04
2025-06-21T20:53:50Z,-0.48,0.03,42.60859166666667,-88.72293333333333,NA,679,-0.02,AF04
2025-06-21T20:53:51Z,-0.41999999999999993,0.02,42.608695,-88.72272833333334,NA,679,-0.02,AF04
2025-06-21T21:17:51Z,-0.415,0.02,42.58118833333333,-88.25702,NA,679,0,AF04
2025-06-21T21:17:52Z,-0.445,0.02,42.581185,-88.25698666666666,NA,679,0,AF04
2025-06-21T21:35:09Z,-0.4650000000000001,0.07,42.567025,-87.95334666666666,NA,679,-0.04,AF04
2025-06-21T21:35:10Z,-0.495,0.06,42.566921666666666,-87.95333666666667,NA,679,-0.04,AF04
2025-06-21T21:35:11Z,-0.43500000000000005,0,42.56677833333333,-87.95332,NA,679,-0.04,AF04
2025-06-21T21:41:25Z,-0.435,-0.01,42.466118333333334,-87.94668833333333,NA,679,-0.01,AF04
2025-06-21T21:41:26Z,-0.455,0,42.466085,-87.94668333333334,NA,679,-0.01,AF04
2025-06-21T21:41:27Z,-0.415,0.01,42.46601666666667,-87.94667666666666,NA,679,-0.01,AF04
2025-06-22T00:00:11Z,-0.42,0.009999999999999998,41.878033333333335,-87.64418166666667,NA,680,-0.03,AF04
2025-06-22T00:00:12Z,-0.6000000000000001,-0.04000000000000001,41.878038333333336,-87.64414833333333,NA,680,-0.03,AF04
2025-06-22T00:00:13Z,-0.6599999999999999,-0.05,41.87804166666667,-87.64409333333333,NA,680,-0.03,AF04
2025-06-22T00:00:14Z,-0.45,-0.15,41.87805,-87.64399666666667,NA,680,-0.03,AF04
2025-06-22T02:11:43Z,-0.43,-0.13,41.875925,-87.62664666666667,NA,681,-0.04,AF04
2025-06-22T02:11:44Z,-0.43,-0.07999999999999999,41.875905,-87.62672333333333,NA,681,-0.04,AF04
2025-06-22T05:21:01Z,-0.42,0.010000000000000002,43.06677333333333,-89.38571333333333,NA,681,-0.04,AF04
2025-06-22T05:21:02Z,-0.4900000000000001,-0.019999999999999997,43.06677166666667,-89.38571333333333,NA,681,-0.04,AF04
2025-06-22T05:21:03Z,-0.6399999999999999,-0.019999999999999997,43.066806666666665,-89.38569333333334,NA,681,-0.04,AF04
2025-06-22T05:21:04Z,-0.5900000000000001,-0.05,43.06684166666667,-89.38567166666667,NA,681,-0.04,AF04
2025-06-22T05:21:59Z,-0.47,-0.010000000000000002,43.06972666666667,-89.38683166666667,NA,681,-0.04,AF04
2025-06-22T05:22:00Z,-0.49,-0.09,43.06976,-89.38685833333334,NA,681,0.04,AF04
2025-06-22T05:22:01Z,-0.46,-0.08,43.06981,-89.38694,NA,681,0.04,AF04
2025-06-22T05:23:00Z,-0.42499999999999993,0.06,43.07118833333333,-89.38876166666667,NA,681,-0.04,AF04
2025-06-22T05:23:01Z,-0.5549999999999999,0.04,43.0712,-89.38878166666667,NA,681,-0.04,AF04
2025-06-22T05:23:02Z,-0.6849999999999999,0.03,43.07123833333333,-89.38883166666666,NA,681,-0.04,AF04
2025-06-22T12:59:27Z,-0.42,-0.020000000000000004,43.068755,-89.392755,NA,684,-0.05,AF04
2025-06-22T14:36:12Z,-0.42,0.23,43.063001666666665,-89.40056166666666,NA,686,-0.03,AF04
2025-06-22T14:36:13Z,-0.44,0.04,43.063085,-89.40048833333333,NA,686,-0.03,AF04
2025-06-22T14:37:20Z,-0.43,0.01,43.06679166666667,-89.39523333333334,NA,686,-0.02,AF04
2025-06-22T14:37:21Z,-0.44,-0.009999999999999998,43.06679166666667,-89.39523333333334,NA,686,-0.02,AF04
2025-06-22T14:39:01Z,-0.45,-0.145,43.070885,-89.39187833333334,NA,686,-0.005,AF04
2025-06-22T14:39:02Z,-0.52,-0.075,43.07091666666667,-89.39183,NA,686,-0.005,AF04
2025-06-22T14:39:03Z,-0.58,-0.165,43.070971666666665,-89.39175166666666,NA,686,-0.005,AF04
2025-06-22T19:53:38Z,-0.415,-0.05500000000000001,43.06983833333334,-89.393705,NA,688,-0.045,AF04
2025-06-22T19:53:52Z,-0.425,-0.445,43.07087666666666,-89.39424666666666,NA,688,-0.045,AF04
2025-06-22T19:53:53Z,-0.425,-0.16499999999999998,43.07092166666666,-89.39434666666666,NA,688,-0.045,AF04
2025-06-22T19:54:24Z,-0.42999999999999994,0,43.07102166666667,-89.398915,NA,688,-0.04,AF04
2025-06-22T19:54:25Z,-0.41999999999999993,-0.05,43.07102666666667,-89.39894833333334,NA,688,-0.04,AF04
2025-06-22T19:55:04Z,-0.42,0.03,43.071068333333336,-89.40053333333333,NA,688,-0.04,AF04
2025-06-22T19:55:05Z,-0.47,0.02,43.071068333333336,-89.40053333333333,NA,688,-0.04,AF04
2025-06-22T19:55:06Z,-0.51,-0.05,43.07106666666667,-89.400595,NA,688,-0.04,AF04
2025-06-22T19:55:07Z,-0.51,0.02,43.071056666666664,-89.40071,NA,688,-0.04,AF04
2025-06-22T19:55:08Z,-0.43,-0.03000000000000001,43.07105166666667,-89.40087333333334,NA,688,-0.04,AF04
2025-06-22T19:55:43Z,-0.5800000000000001,0,43.071036666666664,-89.40396666666666,NA,688,-0.04,AF04
2025-06-22T19:55:44Z,-0.6299999999999999,-0.05,43.071038333333334,-89.40403,NA,688,-0.04,AF04
2025-06-22T19:55:45Z,-0.42,-0.16999999999999998,43.071041666666666,-89.40416333333333,NA,688,-0.04,AF04
2025-06-22T22:53:58Z,-0.47,-0.185,43.075335,-89.453105,NA,690,-0.005,AF04
2025-06-22T22:53:59Z,-0.5,-0.335,43.075325,-89.45313,NA,690,-0.005,AF04
2025-06-22T23:50:40Z,-0.505,-0.03,43.072156666666665,-89.40422333333333,NA,691,-0.03,AF04
2025-06-22T23:50:41Z,-0.455,0,43.072155,-89.40416833333333,NA,691,-0.03,AF04
2025-06-23T23:09:57Z,-0.44,-0.05,43.07091833333333,-89.399165,NA,696,-0.05,AF04
2025-06-23T23:11:22Z,-0.41999999999999993,0.02,43.071023333333336,-89.40553666666666,NA,696,-0.02,AF04
2025-06-23T23:13:20Z,-0.485,-0.03,43.07201,-89.40569333333333,NA,696,-0.02,AF04
2025-06-23T23:13:21Z,-0.585,0,43.072026666666666,-89.40569333333333,NA,696,-0.02,AF04
2025-06-23T23:13:22Z,-0.735,0.01,43.07205666666667,-89.40569666666667,NA,696,-0.02,AF04
2025-06-23T23:13:23Z,-0.42499999999999993,-0.06,43.0721,-89.40571,NA,696,-0.02,AF04
2025-06-23T23:14:15Z,-0.42,-0.03000000000000001,43.07324,-89.40590166666667,NA,696,-0.04,AF04
2025-06-23T23:14:16Z,-0.45000000000000007,-0.019999999999999997,43.073256666666666,-89.40593,NA,696,-0.04,AF04
2025-06-23T23:14:34Z,-0.47,0.03,43.07485833333333,-89.40618666666667,NA,696,-0.04,AF04
2025-06-23T23:14:35Z,-0.45000000000000007,-0.03000000000000001,43.074885,-89.40619166666667,NA,696,-0.04,AF04
2025-06-23T23:15:38Z,-0.46,0.0049999999999999975,43.07642166666667,-89.41255166666667,NA,696,-0.055,AF04
2025-06-23T23:15:39Z,-0.5299999999999999,0.025,43.07641666666667,-89.41260666666666,NA,696,-0.055,AF04
2025-06-23T23:15:40Z,-0.47,-0.0049999999999999975,43.076418333333336,-89.412715,NA,696,-0.055,AF04
2025-06-23T23:20:30Z,-0.44000000000000006,-0.19,43.07841333333333,-89.41859,NA,696,-0.02,AF04
2025-06-23T23:20:31Z,-0.44000000000000006,-0.21,43.07834666666667,-89.418635,NA,696,-0.02,AF04
2025-06-24T00:46:27Z,-0.45,0.02,43.07216,-89.40427333333334,NA,697,-0.04,AF04
2025-06-24T00:46:28Z,-0.44,0,43.07215333333333,-89.40427,NA,697,-0.04,AF04
2025-06-25T22:45:26Z,-0.49999999999999994,0.02,43.071041666666666,-89.39174666666666,NA,706,-0.04,AF04
2025-06-25T22:45:27Z,-0.48,0.02,43.07102,-89.39176333333333,NA,706,-0.04,AF04
2025-06-25T22:46:44Z,-0.44000000000000006,0,43.07094166666667,-89.39906666666667,NA,706,-0.06,AF04
2025-06-25T22:46:45Z,-0.46,-0.07,43.070946666666664,-89.399185,NA,706,-0.06,AF04
2025-06-26T01:21:01Z,-0.415,-0.020000000000000004,43.07197333333333,-89.40571,NA,708,-0.03,AF04
2025-06-26T01:21:31Z,-0.415,0.05,43.073188333333334,-89.405875,NA,708,-0.03,AF04
2025-06-26T01:21:32Z,-0.5249999999999999,-0.04000000000000001,43.073193333333336,-89.40587833333333,NA,708,-0.03,AF04
2025-06-26T01:21:33Z,-0.5249999999999999,-0.05,43.07320166666667,-89.405895,NA,708,-0.03,AF04
2025-06-26T01:21:52Z,-0.435,0.03,43.07488166666667,-89.406195,NA,708,-0.03,AF04
2025-06-26T01:21:53Z,-0.5549999999999999,-0.04000000000000001,43.07491666666667,-89.406195,NA,708,-0.03,AF04
2025-06-26T01:21:54Z,-0.595,-0.020000000000000004,43.074978333333334,-89.40619833333334,NA,708,-0.03,AF04
2025-06-26T01:21:55Z,-0.425,0.14,43.075055,-89.40620333333334,NA,708,-0.03,AF04
2025-06-26T01:23:01Z,-0.43499999999999994,0,43.07648,-89.412535,NA,708,-0.05,AF04
2025-06-26T01:23:02Z,-0.6749999999999999,-0.03,43.07648,-89.41258666666667,NA,708,-0.05,AF04
2025-06-26T01:23:03Z,-0.565,0,43.076476666666665,-89.412695,NA,708,-0.05,AF04
2025-06-26T02:32:37Z,-0.59,-0.13,43.07521833333333,-89.40623666666667,NA,709,-0.06,AF04
2025-06-26T02:32:38Z,-0.5299999999999999,-0.12,43.07515166666666,-89.40624833333334,NA,709,-0.06,AF04
2025-06-26T02:34:37Z,-0.43499999999999994,-0.01,43.07206166666667,-89.39770166666666,NA,709,0.01,AF04
2025-06-26T02:34:38Z,-0.525,-0.04,43.07205833333333,-89.39767,NA,709,0.01,AF04
2025-06-26T02:34:39Z,-0.5549999999999999,-0.01,43.07206333333333,-89.39764666666666,NA,709,0.01,AF04
2025-06-26T02:34:53Z,-0.525,0,43.07206333333333,-89.39611166666667,NA,709,0.01,AF04
2025-06-26T02:34:54Z,-0.615,-0.01,43.072055,-89.39605,NA,709,0.01,AF04
2025-06-26T02:34:55Z,-0.5449999999999999,0,43.07203833333333,-89.39597,NA,709,0.01,AF04
2025-06-26T23:06:59Z,-0.45,-0.15000000000000002,43.07100666666667,-89.39173333333333,NA,714,-0.02,AF04
2025-06-26T23:07:00Z,-0.445,-0.095,43.070975,-89.39177666666667,NA,714,-0.045,AF04
2025-06-26T23:07:01Z,-0.445,-0.0050000000000000044,43.07092,-89.39184333333333,NA,714,-0.045,AF04
2025-06-26T23:07:36Z,-0.425,-0.385,43.070845,-89.39425,NA,714,-0.045,AF04
2025-06-26T23:07:37Z,-0.425,-0.095,43.07092,-89.39434666666666,NA,714,-0.045,AF04
2025-06-27T00:22:30Z,-0.45,-0.055,43.07881,-89.43155,NA,715,-0.005,AF04
2025-06-27T00:22:42Z,-0.44,-0.455,43.078525,-89.43265666666667,NA,715,-0.005,AF04
2025-06-27T00:24:59Z,-0.46,-0.07,43.077236666666664,-89.42902,NA,715,-0.01,AF04
2025-06-27T00:25:00Z,-0.48,-0.35,43.07721333333333,-89.429005,NA,715,-0.07,AF04
2025-06-27T00:31:00Z,-0.46,-0.51,43.072426666666665,-89.42468666666667,NA,715,-0.07,AF04
2025-06-27T00:32:12Z,-0.46,-0.01999999999999999,43.07319666666667,-89.41395333333334,NA,715,-0.07,AF04
2025-06-28T00:06:16Z,-0.5049999999999999,0,43.071018333333335,-89.39177666666667,NA,720,-0.03,AF04
2025-06-28T00:07:07Z,-0.415,-0.37,43.07075666666667,-89.39414833333333,NA,720,-0.05,AF04
2025-06-28T16:51:21Z,-0.42999999999999994,-0.039999999999999994,43.07191666666667,-89.40567833333333,NA,726,-0.02,AF04
2025-06-28T16:51:22Z,-0.43999999999999995,0.23,43.07194333333333,-89.40571333333334,NA,726,-0.02,AF04
2025-06-28T16:54:19Z,-0.425,0.05500000000000001,43.07172166666667,-89.39259833333334,NA,726,-0.035,AF04
2025-06-28T19:38:39Z,-0.42,-0.14,43.07651166666667,-89.41720333333333,NA,728,-0.03,AF04
2025-06-28T19:39:18Z,-0.42,0.009999999999999998,43.07651166666667,-89.41720333333333,NA,728,-0.03,AF04
2025-06-28T19:40:12Z,-0.5,0.06,43.07651166666667,-89.41720333333333,NA,728,-0.03,AF04
2025-06-28T19:40:13Z,-0.4300000000000001,-0.17,43.07651166666667,-89.41720333333333,NA,728,-0.03,AF04
2025-06-28T19:44:37Z,-0.43999999999999995,-0.06,43.07651166666667,-89.41720333333333,NA,728,0.02,AF04
2025-06-28T19:44:58Z,-0.43999999999999995,-0.01,43.07651166666667,-89.41720333333333,NA,728,0.02,AF04
2025-06-28T22:16:25Z,-0.47,0.08,43.073366666666665,-89.40596833333333,NA,730,-0.03,AF04
2025-06-28T22:22:22Z,-0.43999999999999995,0.07,43.068265,-89.385015,NA,730,0.01,AF04
2025-06-28T23:10:47Z,-0.48,-0.04,43.12741666666667,-89.30042,NA,731,0.01,AF04
2025-06-28T23:10:48Z,-0.44,-0.16,43.12741666666667,-89.30042,NA,731,0.01,AF04
2025-06-28T23:10:54Z,-0.43,-0.01,43.12741666666667,-89.30042,NA,731,0.01,AF04
2025-06-28T23:22:11Z,-0.42,-0.06,43.08157666666666,-89.37457833333333,NA,731,-0.05,AF04
2025-06-28T23:22:12Z,-0.5700000000000001,0.03,43.081555,-89.37458833333334,NA,731,-0.05,AF04
2025-06-28T23:22:13Z,-0.6699999999999999,-0.13,43.081535,-89.37460833333333,NA,731,-0.05,AF04
2025-06-28T23:22:14Z,-0.46,-0.009999999999999997,43.081518333333335,-89.37462,NA,731,-0.05,AF04
2025-06-29T14:32:38Z,-0.43,0.13,43.06214833333333,-89.40111333333333,NA,736,-0.05,AF04
2025-06-29T14:33:04Z,-0.47,0.03,43.06213833333333,-89.404025,NA,736,-0.04,AF04
2025-06-29T14:33:05Z,-0.48,0,43.06213833333333,-89.404025,NA,736,-0.04,AF04
2025-06-29T14:33:06Z,-0.45,0.06,43.06213833333333,-89.404025,NA,736,-0.04,AF04
2025-06-29T15:03:34Z,-0.43,0.02,43.067753333333336,-89.40431,NA,737,-0.02,AF04
2025-06-29T15:03:35Z,-0.47,-0.009999999999999998,43.067753333333336,-89.404305,NA,737,-0.02,AF04
2025-06-29T15:06:44Z,-0.42999999999999994,0.010000000000000002,43.067748333333334,-89.39887166666666,NA,737,-0.04,AF04
2025-06-29T15:06:45Z,-0.5299999999999999,-0.060000000000000005,43.067748333333334,-89.39887166666666,NA,737,-0.04,AF04
2025-07-01T23:46:02Z,-0.51,-0.09000000000000001,43.07192166666667,-89.405658333333335,NA,750,0.02,AF04
2025-07-01T23:46:03Z,-0.41999999999999993,-0.06,43.07195,-89.40571166666666,NA,750,0.02,AF04
2025-07-01T23:49:43Z,-0.485,-0.020000000000000004,43.076485,-89.41616333333333,NA,750,-0.05,AF04
2025-07-01T23:49:44Z,-0.475,0,43.076483333333336,-89.41633666666667,NA,750,-0.05,AF04
2025-07-02T01:17:57Z,-0.45,0,43.067685,-89.41031,NA,751,-0.02,AF04
2025-07-02T01:17:58Z,-0.41999999999999993,-0.03,43.067685,-89.41031,NA,751,-0.02,AF04
2025-07-05T23:20:56Z,-0.4600000000000001,-0.065,43.075345,-89.4531,NA,768,-0.015,AF04
2025-07-05T23:20:57Z,-0.48,-0.265,43.075325,-89.45313833333333,NA,768,-0.015,AF04
2025-07-05T23:57:43Z,-0.47,-0.009999999999999998,43.075248333333334,-89.451565,NA,769,-0.02,AF04
2025-07-05T23:57:44Z,-0.42999999999999994,0,43.075246666666665,-89.45152333333333,NA,769,-0.02,AF04
2025-07-06T15:28:57Z,-0.415,-0.23,43.06545166666667,-89.416695,NA,775,-0.02,AF04
2025-07-06T15:30:13Z,-0.49999999999999994,-0.020000000000000004,43.06773,-89.40915833333334,NA,775,-0.05,AF04
2025-07-06T15:30:14Z,-0.6299999999999999,-0.05,43.06773333333334,-89.40909833333333,NA,775,-0.05,AF04
2025-07-06T15:32:26Z,-0.51,-0.03,43.067078333333335,-89.39539666666667,NA,775,-0.03,AF04
2025-07-06T15:32:27Z,-0.48,-0.08,43.067076666666665,-89.39537833333333,NA,775,-0.03,AF04
2025-07-07T13:47:40Z,-0.425,0.03,43.07772333333333,-89.38596666666666,NA,784,-0.02,AF04
2025-07-08T00:39:27Z,-0.44,0.155,43.077215,-89.42894333333334,NA,787,-0.065,AF04
2025-07-08T01:56:01Z,-0.42999999999999994,-0.39,43.072313333333334,-89.40573333333333,NA,788,-0.03,AF04
2025-07-08T01:57:15Z,-0.43,-0.02,43.07214166666667,-89.40106333333334,NA,788,0.01,AF04
2025-07-10T22:54:06Z,-0.43999999999999995,-0.02,43.06784666666667,-89.41252833333333,NA,793,-0.02,AF04
2025-07-10T23:14:44Z,-0.415,0.23,43.06776166666667,-89.41269666666666,NA,793,-0.08,AF04
2025-07-11T22:46:21Z,-0.445,-0.16999999999999998,43.07973333333333,-89.37672333333333,NA,800,-0.05,AF04
2025-07-11T22:46:22Z,-0.575,-0.21,43.07974333333333,-89.37671833333333,NA,800,-0.05,AF04
2025-07-11T22:49:20Z,-0.43500000000000005,0,43.08569166666667,-89.37436833333334,NA,800,-0.03,AF04
2025-07-11T22:49:21Z,-0.5950000000000001,-0.09,43.085703333333335,-89.37437833333334,NA,800,-0.03,AF04
2025-07-11T22:49:22Z,-0.7050000000000001,-0.14,43.08575,-89.374408333333335,NA,800,-0.03,AF04
2025-07-11T22:53:46Z,-0.475,0.01,43.078116666666666,-89.38859166666667,NA,800,0,AF04
2025-07-11T22:53:47Z,-0.43500000000000005,0.02,43.07815166666666,-89.38863166666667,NA,800,0,AF04
2025-07-12T22:35:48Z,-0.625,0.010000000000000002,43.06871666666667,-89.40904,NA,807,-0.04,AF04
2025-07-12T22:35:49Z,-0.605,-0.03000000000000001,43.06864,-89.40904166666667,NA,807,-0.04,AF04
2025-07-12T22:44:54Z,-0.45000000000000007,-0.039999999999999994,43.066235,-89.41498333333334,NA,807,-0.08,AF04
2025-07-13T23:36:36Z,-0.56,-0.009999999999999997,43.07510833333333,-89.406215,NA,816,-0.07,AF04
2025-07-13T23:36:37Z,-0.44,-0.01999999999999999,43.07502,-89.40621,NA,816,-0.07,AF04
2025-07-15T00:17:21Z,-0.48999999999999994,-0.015,43.070978333333336,-89.39175,NA,821,-0.035,AF04
2025-07-15T00:17:22Z,-0.54,-0.0049999999999999975,43.07098333333333,-89.39175166666666,NA,821,-0.035,AF04
2025-07-15T00:19:14Z,-0.42,-0.12,43.07100166666667,-89.401005,NA,821,-0.04,AF04
2025-07-15T00:22:11Z,-0.42,0.010000000000000007,43.074918333333336,-89.40623833333333,NA,821,-0.07,AF04
2025-02-06T17:16:43Z,-0.68,-0.04499999999999993,43.072246666666665,-89.41300166666667,NA,1,-1.0550000000000002,AF05
2025-02-06T17:16:44Z,-0.67,-0.4849999999999999,43.072246666666665,-89.41300166666667,NA,1,-1.0550000000000002,AF05
2025-02-06T17:16:45Z,-1.25,0.04500000000000015,43.072246666666665,-89.41300166666667,NA,1,-1.0550000000000002,AF05
2025-02-06T17:16:47Z,-0.54,-0.3849999999999998,43.072246666666665,-89.41300166666667,NA,1,-1.0550000000000002,AF05
2025-02-06T17:16:48Z,-0.4600000000000001,0.2350000000000002,43.072246666666665,-89.41300166666667,NA,1,-1.0550000000000002,AF05
2025-02-06T17:16:49Z,-0.5800000000000001,-0.32499999999999973,43.072246666666665,-89.41300166666667,NA,1,-1.0550000000000002,AF05
2025-02-06T17:17:23Z,-0.66,-0.26,43.072246666666665,-89.41300166666667,NA,1,-0.1,AF05
2025-02-06T17:17:24Z,-0.6000000000000001,-0.30000000000000004,43.072246666666665,-89.41300166666667,NA,1,-0.1,AF05
2025-02-06T17:17:25Z,-0.87,-1.0299999999999998,43.072246666666665,-89.41300166666667,NA,1,-0.1,AF05
2025-02-06T17:17:26Z,-1.06,-0.66,43.072246666666665,-89.41300166666667,NA,1,-0.1,AF05
2025-02-06T17:17:27Z,-0.6900000000000001,-0.66,43.072246666666665,-89.41300166666667,NA,1,-0.1,AF05
2025-02-06T17:17:28Z,-0.8500000000000001,-0.27,43.072246666666665,-89.41300166666667,NA,1,-0.1,AF05
2025-02-06T17:17:31Z,-0.5,-0.5,43.072246666666665,-89.41300166666667,NA,1,-0.1,AF05
2025-02-06T17:17:33Z,-1.09,-0.95,43.072246666666665,-89.41300166666667,NA,1,-0.1,AF05
2025-02-06T17:17:34Z,-0.77,-0.07999999999999999,43.072246666666665,-89.41300166666667,NA,1,-0.1,AF05
2025-02-06T17:18:02Z,-1.1,-0.29,43.072246666666665,-89.41300166666667,NA,1,-0.13,AF05
2025-02-06T17:18:03Z,-0.92,-1.66,43.072246666666665,-89.41300166666667,NA,1,-0.13,AF05
2025-02-06T17:19:01Z,-1.02,-0.2,43.07219,-89.41288833333333,NA,1,-0.43,AF05
2025-02-06T17:19:02Z,-1.02,0.75,43.07218833333334,-89.412895,NA,1,-0.43,AF05
2025-02-06T17:19:03Z,-0.46,1.07,43.07219,-89.4129,NA,1,-0.43,AF05
2025-02-06T17:19:04Z,-0.91,0.8300000000000001,43.072195,-89.41290666666667,NA,1,-0.43,AF05
2025-02-06T17:19:05Z,-0.59,0.21,43.07219833333333,-89.41290833333333,NA,1,-0.43,AF05
2025-02-06T17:24:55Z,-0.565,-0.51,43.07229,-89.41285333333332,NA,1,-0.14,AF05
2025-02-06T17:24:58Z,-0.415,-0.2,43.07229,-89.41285333333332,NA,1,-0.14,AF05
2025-02-06T17:25:00Z,-0.66,-0.86,43.07229,-89.41285333333332,NA,1,-0.14,AF05
2025-02-06T17:25:01Z,-0.6,-0.66,43.07229,-89.41285333333332,NA,1,-0.14,AF05
2025-02-06T17:25:02Z,-0.59,-0.66,43.07229,-89.41285333333332,NA,1,-0.14,AF05
2025-02-06T17:25:03Z,-0.58,-0.7,43.07229,-89.41285333333332,NA,1,-0.14,AF05
2025-02-06T17:25:04Z,-0.66,-0.66,43.07229,-89.41285333333332,NA,1,-0.14,AF05
2025-02-06T17:25:05Z,-0.65,-0.64,43.07229,-89.41285333333332,NA,1,-0.14,AF05
2025-02-25T22:20:39Z,-0.44,0,43.06300666666668,-89.40056,NA,86,-0.05,AF05
2025-02-25T22:20:40Z,-0.44,0.03,43.063015,-89.40056,NA,86,-0.05,AF05
2025-03-18T20:38:23Z,-0.42,0.019999999999999997,43.06374,-89.40091333333332,NA,167,-0.06,AF05
2025-03-20T00:36:04Z,-0.44,-0.06,43.07286833333332,-89.40227,NA,175,-0.06,AF05
2025-03-28T01:48:50Z,-0.425,0.019999999999999997,43.12042333333332,-89.33374,NA,213,-0.06,AF05
2025-03-30T19:04:35Z,-0.42,-0.009999999999999997,43.072955,-89.40235833333332,NA,226,-0.05,AF05
2025-04-01T20:14:08Z,-0.425,-0.13,43.07292,-89.402405,NA,234,-0.05,AF05
2025-04-08T18:16:36Z,-0.43,0,43.03379833333331,-89.41857,NA,276,-0.02,AF05
2025-04-20T14:42:48Z,-0.43,-0.14,43.07291166666669,-89.40224666666668,NA,342,-0.05,AF05
2025-04-25T14:47:53Z,-0.44,-0.1,43.07288666666668,-89.40223,NA,375,-0.04,AF05
2025-04-27T20:20:18Z,-0.415,0.02,43.03353166666668,-89.40730166666668,NA,389,-0.04,AF05
2025-04-27T20:20:19Z,-0.415,0.04,43.033535,-89.407305,NA,389,-0.04,AF05
2025-06-12T00:32:44Z,-0.44,0,43.03637166666667,-89.40533,NA,526,-0.04,AF05
2025-06-12T00:32:45Z,-0.47,0,43.03638,-89.40532333333333,NA,526,-0.04,AF05
2025-02-17T17:19:46Z,-0.46,-0.59,43.07331666666666,-89.41190666666667,NA,2,-0.1,AF06
2025-02-17T17:19:47Z,-0.7899999999999999,-0.33999999999999997,43.07331666666666,-89.41190666666667,NA,2,-0.1,AF06
2025-02-17T17:19:48Z,-0.84,-0.18000000000000002,43.07331666666666,-89.41190666666667,NA,2,-0.1,AF06
2025-02-17T17:19:55Z,-1.14,0.04000000000000001,43.07331666666666,-89.41190666666667,NA,2,-0.1,AF06
2025-02-17T17:19:56Z,-1.11,0.07,43.07331666666666,-89.41190666666667,NA,2,-0.1,AF06
2025-02-17T17:19:57Z,-1.08,0.08,43.07331666666666,-89.41190666666667,NA,2,-0.1,AF06
2025-02-17T17:19:58Z,-1.06,0.04000000000000001,43.07331666666666,-89.41190666666667,NA,2,-0.1,AF06
2025-02-17T17:21:11Z,-0.6000000000000001,-0.14,43.07331666666666,-89.41190666666667,NA,2,-0.02,AF06
2025-02-17T17:21:12Z,-0.6000000000000001,-0.039999999999999994,43.07331666666666,-89.41190666666667,NA,2,-0.02,AF06
2025-02-17T17:21:13Z,-0.63,-0.09,43.07331666666666,-89.41190666666667,NA,2,-0.02,AF06
2025-02-17T17:21:14Z,-0.63,-0.12,43.07331666666666,-89.41190666666667,NA,2,-0.02,AF06
2025-02-17T17:22:03Z,-1.09,-0.02,43.07331666666666,-89.41190666666667,NA,2,-0.02,AF06
2025-02-17T17:22:04Z,-0.99,-0.12,43.07331666666666,-89.41190666666667,NA,2,-0.02,AF06
2025-02-17T17:22:12Z,-0.49,-0.06999999999999999,43.07331666666666,-89.41190666666667,NA,2,-0.02,AF06
2025-02-17T17:22:13Z,-0.5700000000000001,0.11,43.07331666666666,-89.41190666666667,NA,2,-0.02,AF06
2025-02-17T17:22:14Z,-0.5800000000000001,0.12,43.07331666666666,-89.41190666666667,NA,2,-0.02,AF06
2025-02-17T17:22:15Z,-0.54,0.02,43.07331666666666,-89.41190666666667,NA,2,-0.02,AF06
2025-02-17T17:23:10Z,-0.53,-0.24,43.07331666666666,-89.41190666666667,NA,2,-0.01,AF06
2025-02-17T17:25:09Z,-0.8300000000000001,-0.55,43.07331666666666,-89.41190666666667,NA,2,-0.06,AF06
2025-02-19T19:13:43Z,-0.62,-0.36,43.07331666666666,-89.41190666666667,NA,2,-0.08,AF06
2025-02-19T19:13:44Z,-0.65,-0.23,43.07331666666666,-89.41190666666667,NA,2,-0.08,AF06
2025-02-19T19:15:27Z,-0.53,-0.32,43.07263,-89.41261666666666,NA,2,-0.07,AF06
2025-03-03T20:03:57Z,-0.42,-0.010000000000000002,43.061145,-89.47228,NA,89,-0.04,AF06
2025-02-24T19:15:57Z,-0.71,-0.12,43.07249,-89.41277333333332,NA,1,-0.33,AF07
2025-02-24T19:16:38Z,-0.88,-0.8200000000000001,43.07249,-89.41277333333332,NA,1,-0.24,AF07
2025-02-24T19:16:39Z,-0.86,0.14,43.07249,-89.41277333333332,NA,1,-0.24,AF07
2025-02-24T19:16:40Z,-0.87,0.54,43.07249,-89.41277333333332,NA,1,-0.24,AF07
2025-02-24T19:16:43Z,-0.54,0.73,43.07249,-89.41277333333332,NA,1,-0.24,AF07
2025-02-24T19:16:45Z,-0.45,0.5,43.07249,-89.41277333333332,NA,1,-0.24,AF07
2025-02-24T19:16:46Z,-0.59,0.51,43.07249,-89.41277333333332,NA,1,-0.24,AF07
2025-02-24T19:16:47Z,-0.81,0.5800000000000001,43.07249,-89.41277333333332,NA,1,-0.24,AF07
2025-02-24T19:16:48Z,-0.52,0.41,43.07249,-89.41277333333332,NA,1,-0.24,AF07
2025-02-24T19:16:49Z,-0.54,0.51,43.07249,-89.41277333333332,NA,1,-0.24,AF07
2025-02-24T19:16:50Z,-0.8400000000000001,0.37,43.07249,-89.41277333333332,NA,1,-0.24,AF07
2025-02-24T19:16:51Z,-0.71,0.53,43.07249,-89.41277333333332,NA,1,-0.24,AF07
2025-02-24T19:16:52Z,-0.72,0.56,43.07249,-89.41277333333332,NA,1,-0.24,AF07
2025-02-24T19:16:53Z,-0.75,0.54,43.07249,-89.41277333333332,NA,1,-0.24,AF07
2025-02-24T19:16:54Z,-0.73,0.52,43.07249,-89.41277333333332,NA,1,-0.24,AF07
2025-02-24T19:16:55Z,-0.99,0.4,43.07249,-89.41277333333332,NA,1,-0.24,AF07
2025-02-24T19:16:56Z,-1.11,0.32,43.07249,-89.41277333333332,NA,1,-0.24,AF07
2025-02-24T19:16:57Z,-1.15,0.21,43.07249,-89.41277333333332,NA,1,-0.24,AF07
2025-02-24T19:16:58Z,-1.08,-0.14,43.07249,-89.41277333333332,NA,1,-0.24,AF07
2025-02-24T19:16:59Z,-1.63,0.13,43.07249,-89.41277333333332,NA,1,-0.24,AF07
2025-02-24T19:17:00Z,-1.19,-0.1,43.07249,-89.41277333333332,NA,1,-0.05,AF07
2025-02-24T19:17:01Z,-0.62,0.22000000000000003,43.07249,-89.41277333333332,NA,1,-0.05,AF07
2025-02-24T19:17:02Z,-0.46,-0.009999999999999997,43.07249,-89.41277333333332,NA,1,-0.05,AF07
2025-02-24T19:17:25Z,-0.8099999999999999,-0.69,43.07249,-89.41277333333332,NA,1,-0.05,AF07
2025-02-24T19:17:26Z,-0.76,-0.8999999999999999,43.07249,-89.41277333333332,NA,1,-0.05,AF07
2025-02-24T19:17:27Z,-0.85,-0.18,43.072318333333314,-89.412825,NA,1,-0.05,AF07
2025-02-24T19:17:30Z,-0.45,-0.15000000000000002,43.072485,-89.41268666666669,NA,1,-0.05,AF07
2025-02-25T18:14:57Z,-0.48,-0.45,43.07325166666668,-89.414575,NA,1,-0.19,AF08
2025-02-25T18:15:19Z,-0.41999999999999993,-0.18,43.07325166666668,-89.414575,NA,1,-0.13,AF08
2025-02-25T18:15:28Z,-0.5,-0.04000000000000001,43.07289,-89.41422,NA,1,-0.13,AF08
2025-02-25T18:15:31Z,-0.47,-0.01999999999999999,43.072875,-89.414165,NA,1,-0.13,AF08
2025-02-25T18:15:32Z,-0.61,-0.25,43.072845,-89.41412666666668,NA,1,-0.13,AF08
2025-02-25T18:16:20Z,-0.51,-0.63,43.07273833333332,-89.41398833333332,NA,1,-0.03,AF08
2025-03-18T20:35:52Z,-0.5149999999999999,-0.255,43.068346666666685,-89.39747833333331,NA,122,-0.055,AF08
2025-03-27T04:04:44Z,-0.42,0.08,43.19153166666669,-89.56586,NA,186,-0.02,AF08
2025-03-31T13:52:34Z,-0.43,0.02,43.191285,-89.56628333333332,NA,216,0.02,AF08
2025-04-18T21:33:28Z,-0.46,-0.27,43.1916066666667,-89.4525633333333,NA,344,0.17,AF08
2025-04-18T22:12:29Z,-0.43999999999999995,-0.14,43.1863866666667,-89.23021,NA,345,0.13,AF08
2025-04-23T22:54:05Z,-0.415,-0.165,43.23589833333331,-89.50641,NA,379,0.105,AF08
2025-04-23T22:54:06Z,-0.415,-0.15500000000000003,43.235946666666685,-89.50634333333332,NA,379,0.105,AF08
2025-04-24T21:44:04Z,-0.44,-0.28,43.06673,-89.525485,NA,384,0.14,AF08
2025-06-19T20:06:16Z,-0.45000000000000007,-0.79,43.27014166666667,-89.72030666666667,NA,1286,-0.01,AF08
2025-06-19T20:06:17Z,-0.57,-0.5599999999999999,43.27014166666667,-89.72030666666667,NA,1286,-0.01,AF08
2025-06-19T20:06:18Z,-0.4700000000000001,-1.16,43.27014166666667,-89.72030666666667,NA,1286,-0.01,AF08
2025-06-19T20:06:19Z,-0.65,-0.09000000000000001,43.27014166666667,-89.72030666666667,NA,1286,-0.01,AF08
2025-06-23T23:35:57Z,-0.44000000000000006,0,43.07458,-89.52687833333333,NA,1341,0.02,AF08
2025-03-05T17:10:53Z,-0.87,-0.24,43.072305,-89.41285333333332,NA,1,-0.04,AF09
2025-03-05T17:10:54Z,-1.46,0.32999999999999996,43.07230666666669,-89.41285333333332,NA,1,-0.04,AF09
2025-03-05T17:10:55Z,-1.4,-0.28,43.07230666666669,-89.41285333333332,NA,1,-0.04,AF09
2025-03-05T17:10:56Z,-1.24,-0.19,43.07230666666669,-89.41285333333332,NA,1,-0.04,AF09
2025-03-05T17:10:57Z,-1.24,-0.04,43.0723,-89.41285166666668,NA,1,-0.04,AF09
2025-03-05T17:10:58Z,-1.23,0,43.072295,-89.41285333333332,NA,1,-0.04,AF09
2025-03-05T17:10:59Z,-1.12,0.04,43.072295,-89.41285166666668,NA,1,-0.04,AF09
2025-03-05T20:34:13Z,-0.66,0.65,43.07354,-89.41260666666668,NA,1,-0.02,AF10
2025-03-05T20:34:14Z,-0.63,0.7000000000000001,43.07354,-89.41260666666668,NA,1,-0.02,AF10
2025-03-05T20:34:15Z,-0.61,0.6900000000000001,43.07354,-89.41260666666668,NA,1,-0.02,AF10
2025-03-05T20:34:16Z,-0.48999999999999994,0.75,43.07354,-89.41260666666668,NA,1,-0.02,AF10
2025-03-05T20:34:17Z,-0.64,0.63,43.07354,-89.41260666666668,NA,1,-0.02,AF10
2025-03-05T20:34:18Z,-0.75,0.44,43.07354,-89.41260666666668,NA,1,-0.02,AF10
2025-03-05T20:34:19Z,-0.75,0.44,43.07354,-89.41260666666668,NA,1,-0.02,AF10
2025-03-05T20:34:20Z,-0.8,0.33,43.07354,-89.41260666666668,NA,1,-0.02,AF10
2025-03-05T20:34:21Z,-0.91,0.24,43.07354,-89.41260666666668,NA,1,-0.02,AF10
2025-03-05T20:34:22Z,-0.94,0.16999999999999998,43.07354,-89.41260666666668,NA,1,-0.02,AF10
2025-03-05T20:34:23Z,-0.94,0.02,43.07354,-89.41260666666668,NA,1,-0.02,AF10
2025-03-05T20:34:24Z,-0.94,-0.21,43.07354,-89.41260666666668,NA,1,-0.02,AF10
2025-03-05T20:34:25Z,-1.11,-0.19,43.07354,-89.41260666666668,NA,1,-0.02,AF10
2025-03-05T20:34:26Z,-0.49999999999999994,-0.17,43.07354,-89.41260666666668,NA,1,-0.02,AF10
2025-03-06T05:14:50Z,-0.43,-0.06,42.915285,-89.37918333333332,NA,2,0.08,AF10
2025-03-06T05:14:51Z,-0.46,-0.15000000000000002,42.91528666666669,-89.37918333333332,NA,2,0.08,AF10
2025-03-06T16:23:12Z,-0.45,0.02,43.07941833333332,-89.428525,NA,3,-0.01,AF10
2025-03-06T16:23:15Z,-0.57,-1.01,43.07941833333332,-89.428525,NA,3,-0.01,AF10
2025-03-06T16:23:16Z,-0.51,-0.86,43.07941833333332,-89.428525,NA,3,-0.01,AF10
2025-03-06T16:23:17Z,-0.49,-0.52,43.07941833333332,-89.428525,NA,3,-0.01,AF10
2025-03-07T16:04:35Z,-0.48,0.05,43.10203666666668,-89.35469333333332,NA,6,-0.1,AF10
2025-03-07T16:04:36Z,-0.45,0.04000000000000001,43.10203666666668,-89.35469333333332,NA,6,-0.1,AF10
2025-03-10T15:17:50Z,-0.47,-0.06999999999999999,43.080085,-89.429215,NA,8,-0.08,AF10
2025-03-10T15:17:51Z,-0.47,0.04,43.08008333333332,-89.42921666666669,NA,8,-0.08,AF10
2025-03-10T15:17:52Z,-0.46,0.04,43.08008333333332,-89.42921833333337,NA,8,-0.08,AF10
2025-03-10T15:17:53Z,-0.46,0.04,43.08008666666669,-89.42921833333337,NA,8,-0.08,AF10
2025-03-10T15:17:54Z,-0.46,0.04,43.08008666666669,-89.42922,NA,8,-0.08,AF10
2025-03-10T15:17:55Z,-0.46,0.04,43.08008833333332,-89.42922166666668,NA,8,-0.08,AF10
2025-03-10T15:17:56Z,-0.46,0.04,43.08009,-89.42922333333331,NA,8,-0.08,AF10
2025-03-10T15:17:57Z,-0.46,0.04,43.08009,-89.42922333333331,NA,8,-0.08,AF10
2025-03-10T15:17:58Z,-0.46,0.04,43.08009,-89.42922333333331,NA,8,-0.08,AF10
2025-03-10T15:17:59Z,-0.46,0.04,43.08009166666669,-89.42922333333331,NA,8,-0.08,AF10
2025-03-18T21:17:33Z,-0.43999999999999995,0,43.07366166666668,-89.42520833333332,NA,24,-0.05,AF10
2025-03-20T17:38:59Z,-0.41999999999999993,0,43.07326833333332,-89.411335,NA,28,-0.03,AF10
2025-05-04T19:52:15Z,-0.42,-0.03,43.0990216666667,-89.3519783333333,5,238,-0.03,AF10
2025-05-08T14:00:33Z,-0.42,-0.060000000000000005,43.03682,-89.39267666666669,NA,259,0.01,AF10
2025-05-20T23:06:59Z,-0.415,0.045,43.07438,-89.43369,NA,420,-0.015,AF10
2025-06-05T15:03:55Z,-0.415,-0.11,43.080385,-89.428895,12,819,-0.01,AF10
2025-07-10T22:17:07Z,-0.44,0.095,43.06332166666667,-89.400855,NA,1785,-0.025,AF10
2025-05-04T15:30:55Z,-0.4700000000000001,0.02,43.033265,-89.40766,1,205,-0.04,AF11
2025-05-04T15:30:56Z,-0.4300000000000001,-0.010000000000000002,43.03327,-89.40766166666668,14,205,-0.04,AF11
2025-03-11T22:12:00Z,-0.9,0.16,43.07228833333332,-89.41286,NA,1,-0.04,AF12
2025-03-11T22:12:01Z,-0.7000000000000001,-0.2,43.07231166666668,-89.41284833333332,NA,1,-0.04,AF12
2025-03-12T12:12:00Z,-0.43,0.07500000000000001,43.075575,-89.5111533333333,NA,4,-0.07500000000000001,AF12
2025-03-12T12:12:02Z,-0.43,0.015000000000000012,43.075575,-89.5111533333333,36,4,-0.07500000000000001,AF12
2025-03-12T12:12:03Z,-0.43,-0.03499999999999999,43.075575,-89.5111533333333,47,4,-0.07500000000000001,AF12
2025-03-12T12:53:37Z,-0.42,0.08,43.17736,-89.446975,16,4,-0.05,AF12
2025-03-12T12:55:53Z,-0.42,-0.014999999999999986,43.17835,-89.43202666666669,11,4,-0.07500000000000001,AF12
2025-03-12T22:24:14Z,-0.44000000000000006,-0.31999999999999995,43.09710833333332,-89.50157666666668,18,9,-0.03,AF12
2025-03-13T12:48:22Z,-0.635,0.03,43.14814,-89.47159,19,13,-0.03,AF12
2025-03-13T12:48:23Z,-0.595,0.03,43.14817833333332,-89.47157166666668,38,13,-0.03,AF12
2025-03-13T12:48:24Z,-0.4449999999999999,0.03,43.14821666666669,-89.47155,50,13,-0.03,AF12
2025-03-13T12:51:07Z,-0.415,0.03,43.17343833333331,-89.46183833333332,10,13,-0.03,AF12
2025-03-13T12:52:39Z,-0.4300000000000001,0.019999999999999997,43.18327,-89.46173166666668,1,13,-0.03,AF12
2025-03-13T12:58:21Z,-0.43,-0.13,43.20304,-89.446775,6,13,-0.06,AF12
2025-03-13T12:58:22Z,-0.47,-0.1,43.20302,-89.44678,21,13,-0.06,AF12
2025-03-13T22:15:55Z,-0.42,0.04,43.177475,-89.461525,5,19,-0.03,AF12
2025-03-13T22:15:56Z,-0.44000000000000006,0.03,43.177475,-89.46154333333331,NA,19,-0.03,AF12
2025-03-13T22:28:17Z,-0.4300000000000001,-0.48,43.10615333333332,-89.52116,28,19,-0.02,AF12
2025-03-13T22:28:18Z,-0.52,-0.41,43.10610833333332,-89.52106166666668,41,19,-0.02,AF12
2025-03-13T22:28:19Z,-0.44000000000000006,-0.17,43.10609333333332,-89.52090666666669,57,19,-0.02,AF12
2025-03-14T01:58:47Z,-0.42,-0.17,43.07589333333333,-89.51103166666667,4,23,0,AF12
2025-03-15T06:30:52Z,-0.44000000000000006,0.18000000000000002,43.016088333333336,-89.53414666666667,36,35,-0.04,AF12
2025-03-15T06:30:53Z,-0.45000000000000007,0.19,43.01607833333333,-89.534275,47,35,-0.04,AF12
2025-03-15T06:49:42Z,-0.45,-0.355,43.06049,-89.52209333333333,15,35,0.005,AF12
2025-03-15T06:49:43Z,-0.47,-0.485,43.06052833333333,-89.52203333333334,24,35,0.005,AF12
2025-03-15T06:49:44Z,-0.44000000000000006,-0.515,43.060608333333334,-89.52198,36,35,0.005,AF12
2025-03-15T06:49:45Z,-0.45,-0.555,43.060715,-89.52197666666666,NA,35,0.005,AF12
2025-03-15T06:49:46Z,-0.42,-0.195,43.06086333333333,-89.522025,66,35,0.005,AF12
2025-03-15T14:34:26Z,-0.415,0.04,43.191403333333334,-89.56566166666667,8,38,0,AF12
2025-03-15T14:34:27Z,-0.485,0.04,43.191408333333335,-89.56570666666667,21,38,0,AF12
2025-03-15T14:34:28Z,-0.425,0.03,43.19142166666666,-89.56579833333333,39,38,0,AF12
2025-03-15T14:34:29Z,-0.415,0.04,43.19144166666667,-89.56591833333333,52,38,0,AF12
2025-03-15T17:54:18Z,-0.59,0.010000000000000002,44.97226166666667,-93.26121,11,38,-0.04,AF12
2025-03-15T17:54:19Z,-0.58,-0.05,44.97228833333333,-93.26127333333334,32,38,-0.04,AF12
2025-03-15T17:56:30Z,-0.43999999999999995,0.1,44.970351666666666,-93.26670666666666,41,38,0,AF12
2025-03-16T00:05:47Z,-0.4300000000000001,0,45.093543333333336,-93.26349833333332,NA,42,0.04,AF12
2025-03-16T00:05:48Z,-0.51,-0.24,45.093543333333336,-93.26349833333332,6,42,0.04,AF12
2025-03-16T02:09:30Z,-0.53,0.04,45.079115,-93.26361166666666,7,44,-0.01,AF12
2025-03-16T02:09:31Z,-0.5900000000000001,0.03,45.07907,-93.26361166666666,20,44,-0.01,AF12
2025-03-16T02:09:32Z,-0.55,0.02,45.078985,-93.26361166666666,37,44,-0.01,AF12
2025-03-16T02:09:33Z,-0.4600000000000001,0.03,45.07885666666667,-93.26361166666666,63,44,-0.01,AF12
2025-03-16T02:24:26Z,-0.44500000000000006,0,44.95007,-93.273,3,44,-0.03,AF12
2025-03-16T02:24:27Z,-0.45500000000000007,-0.14,44.950071666666666,-93.27298333333331,15,44,-0.03,AF12
2025-03-16T02:25:03Z,-0.43500000000000005,-0.01,44.950075,-93.26911833333334,22,44,0.01,AF12
2025-03-16T19:35:33Z,-0.42,0,44.94657333333333,-93.10266166666666,4,47,0,AF12
2025-03-18T12:56:43Z,-0.47,0.19,43.07511333333332,-89.51941166666668,NA,67,-0.02,AF12
2025-03-18T13:10:19Z,-0.42,-0.33,43.167651666666686,-89.43207666666669,27,67,-0.05,AF12
2025-03-19T01:56:16Z,-0.4700000000000001,0.27,43.07527166666668,-89.52112,47,74,-0.02,AF12
2025-03-19T01:56:17Z,-0.4300000000000001,0.12,43.07539333333332,-89.521175,60,74,-0.02,AF12
2025-03-19T02:03:30Z,-0.47,-0.33,43.148428333333314,-89.47149,50,74,-0.04,AF12
2025-03-19T02:03:31Z,-0.45,-0.27,43.14854333333332,-89.47139666666669,NA,74,-0.04,AF12
2025-03-19T02:05:26Z,-0.4300000000000001,0.03,43.16879166666668,-89.46192166666668,48,74,-0.03,AF12
2025-03-19T22:47:02Z,-0.4300000000000001,-0.2,43.07514666666668,-89.51268833333332,38,83,-0.05,AF12
2025-03-20T22:42:22Z,-0.44000000000000006,0,43.101705,-89.51833166666668,NA,93,0,AF12
2025-03-20T22:42:23Z,-0.45000000000000007,0,43.1017,-89.518335,4,93,0,AF12
2025-03-21T02:06:36Z,-0.42,0.04,43.07499,-89.52084666666669,10,96,0,AF12
2025-03-21T02:06:52Z,-0.5,-0.35,43.07475666666669,-89.52275833333331,NA,96,0,AF12
2025-03-21T02:06:53Z,-0.4300000000000001,-0.11,43.07463333333332,-89.52275166666668,51,96,0,AF12
2025-03-21T12:35:43Z,-0.4300000000000001,-0.0049999999999999975,43.07513,-89.51293166666667,31,100,-0.035,AF12
2025-03-21T12:35:44Z,-0.47,0.015000000000000005,43.07512833333332,-89.51305666666669,45,100,-0.035,AF12
2025-03-21T12:35:45Z,-0.4300000000000001,0.0050000000000000044,43.07512166666669,-89.51323333333332,67,100,-0.035,AF12
2025-03-22T03:12:42Z,-0.47,-0.009999999999999997,43.08168333333332,-89.42827666666668,47,108,-0.07,AF12
2025-03-22T23:56:32Z,-0.42,0,43.07713666666669,-89.42875833333332,4,121,-0.01,AF12
2025-03-24T22:27:18Z,-0.42999999999999994,-0.15000000000000002,43.17549666666669,-89.432255,2,134,-0.02,AF12
2025-03-27T22:13:17Z,-0.42,0.245,43.147955,-89.43244333333331,26,153,-0.025,AF12
2025-03-27T22:13:18Z,-0.44000000000000006,0.185,43.14791333333332,-89.432545,45,153,-0.025,AF12
2025-03-28T23:32:23Z,-0.42,-0.35000000000000003,43.075165,-89.511135,17,166,-0.05,AF12
2025-03-28T23:32:24Z,-0.42,-0.36,43.07512,-89.511095,25,166,-0.05,AF12
2025-03-28T23:32:25Z,-0.47,-0.34,43.07509,-89.51099666666668,38,166,-0.05,AF12
2025-03-28T23:32:26Z,-0.45000000000000007,-0.33,43.075066666666686,-89.510845,60,166,-0.05,AF12
2025-03-28T23:32:27Z,-0.4300000000000001,-0.039999999999999994,43.07507166666669,-89.51063333333332,74,166,-0.05,AF12
2025-03-29T05:41:10Z,-0.475,-0.61,43.06601833333332,-89.38879333333333,28,168,-0.02,AF12
2025-03-29T07:35:01Z,-0.46,0.05,43.031398333333314,-89.406615,47,170,-0.01,AF12
2025-03-29T07:37:03Z,-0.515,-0.25,43.03518833333331,-89.406435,9,170,-0.02,AF12
2025-03-29T07:37:04Z,-0.545,-0.41,43.03522333333332,-89.40641666666669,25,170,-0.02,AF12
2025-03-29T07:37:09Z,-0.4449999999999999,-0.52,43.035445,-89.40694666666668,59,170,-0.02,AF12
2025-03-29T15:52:59Z,-0.4300000000000001,-0.14,43.07483666666669,-89.51869166666668,43,173,-0.02,AF12
2025-03-29T19:15:40Z,-0.45,0.11,43.06989166666668,-89.51976,45,175,-0.03,AF12
2025-03-29T19:15:41Z,-0.42,0.2,43.06997333333331,-89.51987666666668,61,175,-0.03,AF12
2025-03-31T12:50:54Z,-0.425,-0.010000000000000007,43.053945,-89.55237166666667,NA,182,-0.06,AF12
2025-03-31T13:05:59Z,-0.44000000000000006,-0.28,43.148293333333335,-89.47755833333333,18,182,-0.04,AF12
2025-04-01T01:04:56Z,-0.5,0.035,43.076325,-89.467725,8,188,-0.025,AF12
2025-04-01T01:04:57Z,-0.5,-0.015,43.076305,-89.46768833333333,22,188,-0.025,AF12
2025-04-01T01:11:10Z,-0.42,-0.01,43.072335,-89.40750166666666,NA,188,-0.01,AF12
2025-04-01T01:34:34Z,-0.42,-0.03,43.07517166666667,-89.41294166666667,NA,188,-0.02,AF12
2025-04-01T03:28:20Z,-0.4700000000000001,-0.015,43.080795,-89.37541,24,190,-0.035,AF12
2025-04-01T03:28:21Z,-0.48,-0.095,43.08083833333333,-89.37533,34,190,-0.035,AF12
2025-04-01T03:28:22Z,-0.49,-0.125,43.08090833333333,-89.37521166666667,54,190,-0.035,AF12
2025-04-01T03:28:23Z,-0.4700000000000001,0.015000000000000005,43.081005,-89.375075,67,190,-0.035,AF12
2025-04-01T03:29:28Z,-0.47,0.010000000000000002,43.08559666666667,-89.37086833333333,11,190,-0.04,AF12
2025-04-01T03:29:48Z,-0.4300000000000001,0.24,43.08701333333333,-89.37253666666666,33,190,-0.04,AF12
2025-04-01T03:29:49Z,-0.47,-0.21,43.08707833333333,-89.37245833333333,NA,190,-0.04,AF12
2025-04-01T03:32:41Z,-0.4300000000000001,-0.020000000000000004,43.08796666666667,-89.37308333333333,6,190,-0.06,AF12
2025-04-01T03:32:42Z,-0.5,-0.020000000000000004,43.08795833333333,-89.373095,NA,190,-0.06,AF12
2025-04-01T03:37:29Z,-0.415,0.05,43.106785,-89.35504333333333,2,190,-0.04,AF12
2025-04-01T03:49:27Z,-0.45,-0.020000000000000004,43.11705333333333,-89.32479833333333,1,190,-0.03,AF12
2025-04-01T04:45:30Z,-0.42,0.02,43.07674,-89.38909,19,190,-0.04,AF12
2025-04-01T05:00:50Z,-0.45500000000000007,0.04,43.07107666666667,-89.400915,NA,190,-0.02,AF12
2025-04-01T05:00:51Z,-0.45500000000000007,0.05,43.07107333333333,-89.400915,4,190,-0.02,AF12
2025-04-01T12:45:10Z,-0.42999999999999994,0.04,43.107585,-89.48047166666667,7,192,-0.02,AF12
2025-04-01T22:28:01Z,-0.42,0.08499999999999999,43.190645,-89.43695833333334,41,196,-0.045,AF12
2025-04-01T23:53:06Z,-0.4300000000000001,0.035,43.07512666666667,-89.51307166666666,53,197,-0.035,AF12
2025-04-02T12:17:16Z,-0.4300000000000001,-0.42,43.07518166666668,-89.51275833333332,19,201,-0.05,AF12
2025-04-03T00:14:36Z,-0.49,-0.16,43.07617,-89.423295,9,206,0,AF12
2025-04-03T00:14:37Z,-0.51,-0.21,43.076213333333314,-89.42328166666668,23,206,0,AF12
2025-04-03T00:14:42Z,-0.4300000000000001,-0.34,43.076435,-89.423275,NA,206,0,AF12
2025-04-03T00:14:43Z,-0.44000000000000006,-0.48,43.076475,-89.42331166666668,21,206,0,AF12
2025-04-03T00:14:44Z,-0.45000000000000007,-0.23,43.07650833333332,-89.42340833333331,31,206,0,AF12
2025-04-03T00:14:45Z,-0.4700000000000001,-0.13,43.076528333333314,-89.42354,43,206,0,AF12
2025-04-03T00:24:58Z,-0.53,0.03,43.06093166666668,-89.47814166666669,15,206,0.02,AF12
2025-04-03T00:28:55Z,-0.45,-0.28,43.06070833333332,-89.507585,23,206,0.01,AF12
2025-04-03T00:29:23Z,-0.48,0.025,43.05936833333332,-89.50939333333332,33,206,-0.015,AF12
2025-04-03T00:44:19Z,-0.42,0.035,43.06379166666669,-89.50772,6,206,-0.035,AF12
2025-04-03T22:08:03Z,-0.465,-0.27,43.17460333333331,-89.43339666666668,9,214,-0.03,AF12
2025-04-03T22:08:04Z,-0.4449999999999999,-0.39,43.17457666666668,-89.43341833333332,23,214,-0.03,AF12
2025-04-03T22:18:22Z,-0.42,0.03,43.10497833333332,-89.48594,6,214,-0.01,AF12
2025-04-03T22:20:08Z,-0.42,0.44,43.09011666666669,-89.48646,35,214,-0.05,AF12
2025-04-03T22:20:09Z,-0.47,-0.19,43.09016666666668,-89.48657166666669,56,214,-0.05,AF12
2025-04-03T22:20:10Z,-0.46,-0.12,43.09025666666668,-89.48671666666668,70,214,-0.05,AF12
2025-04-03T22:26:14Z,-0.495,-0.06,43.07529833333332,-89.51114166666667,NA,214,0.04,AF12
2025-04-03T22:53:34Z,-0.53,-0.11,43.075885,-89.51103333333332,8,215,0,AF12
2025-04-03T22:53:35Z,-0.55,-0.33,43.075858333333315,-89.51108833333332,21,215,0,AF12
2025-04-03T22:53:36Z,-0.42,-0.58,43.07579,-89.51114333333337,36,215,0,AF12
2025-04-03T22:53:47Z,-0.43999999999999995,-0.24,43.07515833333332,-89.51127166666669,41,215,0,AF12
2025-04-03T22:53:48Z,-0.47,-0.03,43.07517333333331,-89.511465,55,215,0,AF12
2025-04-03T22:53:49Z,-0.43999999999999995,-0.05,43.075165,-89.51163833333331,68,215,0,AF12
2025-04-04T00:11:20Z,-0.51,0.019999999999999997,43.06716833333331,-89.39575,5,216,-0.03,AF12
2025-04-04T00:11:21Z,-0.53,0.019999999999999997,43.06715666666668,-89.395705,19,216,-0.03,AF12
2025-04-04T00:17:20Z,-0.56,0.03,43.08210333333332,-89.37347,NA,216,-0.02,AF12
2025-04-04T00:17:21Z,-0.6900000000000001,0.03,43.08211833333331,-89.37344833333331,14,216,-0.02,AF12
2025-04-04T00:17:22Z,-0.6,-0.03,43.082168333333314,-89.37336666666668,33,216,-0.02,AF12
2025-04-04T00:17:23Z,-0.47,-0.15000000000000002,43.08225333333331,-89.37324,56,216,-0.02,AF12
2025-04-04T00:17:24Z,-0.42,-0.19,43.08236333333332,-89.37309833333332,70,216,-0.02,AF12
2025-04-04T00:17:46Z,-0.42,0.12,43.084511666666685,-89.37253,39,216,-0.02,AF12
2025-04-04T00:18:04Z,-0.415,0.045,43.08556833333331,-89.37102333333331,5,216,-0.055,AF12
2025-04-04T00:18:05Z,-0.535,0.035,43.08558333333332,-89.37099333333332,19,216,-0.055,AF12
2025-04-04T00:18:07Z,-0.475,0.015,43.08569833333331,-89.37083833333332,45,216,-0.055,AF12
2025-04-04T00:18:39Z,-0.455,0.065,43.08809,-89.36731166666668,28,216,-0.055,AF12
2025-04-04T01:26:12Z,-0.41999999999999993,0.03,43.04677666666669,-89.37449166666669,17,217,0,AF12
2025-04-04T12:50:55Z,-0.43499999999999994,0.05,43.14775333333331,-89.43251333333332,19,220,0.01,AF12
2025-04-05T00:27:36Z,-0.81,-0.5900000000000001,43.07590833333332,-89.51110666666668,23,225,-0.06,AF12
2025-04-05T00:27:38Z,-0.45000000000000007,-0.4,43.07590833333332,-89.51110666666668,42,225,-0.06,AF12
2025-04-05T00:27:39Z,-0.44000000000000006,-0.04000000000000001,43.07590833333332,-89.51110666666668,62,225,-0.06,AF12
2025-04-05T01:03:14Z,-0.4300000000000001,0.01,43.076685,-89.50221166666667,7,225,-0.01,AF12
2025-04-05T01:04:23Z,-0.4600000000000001,0.03,43.075205,-89.507355,1,225,-0.03,AF12
2025-04-05T15:27:56Z,-0.43,0,43.056376666666665,-89.50288166666667,4,229,0.02,AF12
2025-04-05T15:27:57Z,-0.6100000000000001,-0.11,43.05638666666667,-89.50288,18,229,0.02,AF12
2025-04-05T15:27:58Z,-0.6000000000000001,-0.46,43.05643166666667,-89.50288333333333,30,229,0.02,AF12
2025-04-05T15:28:12Z,-0.4600000000000001,0.09,43.05609166666667,-89.50411833333334,29,229,0,AF12
2025-04-05T15:49:06Z,-0.47,-0.27,43.073435,-89.46733166666667,14,230,0.04,AF12
2025-04-05T15:49:07Z,-0.48,-0.39,43.073480000000004,-89.46732166666666,28,230,0.04,AF12
2025-04-05T15:51:36Z,-0.48,0.01,43.07993333333334,-89.47233166666666,17,230,-0.02,AF12
2025-04-05T18:23:43Z,-0.415,-0.03,43.10046833333333,-89.493545,20,233,-0.02,AF12
2025-04-05T18:23:45Z,-0.415,0.01,43.100315,-89.49358333333333,41,233,-0.02,AF12
2025-04-05T18:56:58Z,-0.49,-0.48,43.07518,-89.51113166666667,20,234,0.02,AF12
2025-04-05T18:57:55Z,-0.44000000000000006,0.03,43.07517166666667,-89.50773666666667,NA,234,-0.04,AF12
2025-04-05T18:57:56Z,-0.48,-0.010000000000000002,43.07517,-89.50771666666667,12,234,-0.04,AF12
2025-04-05T18:58:28Z,-0.49,-0.05,43.07650833333334,-89.50246666666666,NA,234,-0.05,AF12
2025-04-05T18:58:29Z,-0.5,0.09,43.076395,-89.502495,41,234,-0.05,AF12
2025-04-05T19:29:49Z,-0.6000000000000001,-0.41,43.06156333333333,-89.458995,18,235,0.02,AF12
2025-04-05T19:29:50Z,-0.7300000000000001,-0.49,43.06153,-89.45900166666667,42,235,0.02,AF12
2025-04-05T19:29:51Z,-0.5900000000000001,-0.85,43.06149333333333,-89.45903,48,235,0.02,AF12
2025-04-05T19:30:02Z,-0.4300000000000001,-0.03,43.06097833333333,-89.458835,NA,235,-0.08,AF12
2025-04-05T19:30:03Z,-0.51,-0.03,43.06095833333333,-89.45889,40,235,-0.08,AF12
2025-04-05T19:30:04Z,-0.49,-0.13,43.060946666666666,-89.45901166666667,54,235,-0.08,AF12
2025-04-05T19:31:56Z,-0.46,0,43.061315,-89.46549333333333,14,235,-0.01,AF12
2025-04-05T19:32:04Z,-0.415,-0.23,43.06162166666667,-89.46556833333334,36,235,-0.01,AF12
2025-04-05T19:32:05Z,-0.45500000000000007,0.05,43.061431666666664,-89.46549833333333,46,235,-0.01,AF12
2025-04-05T19:32:12Z,-0.415,0.12,43.06098333333333,-89.46565,27,235,-0.01,AF12
2025-04-05T19:32:13Z,-0.495,0.01,43.06097833333333,-89.46577166666667,38,235,-0.01,AF12
2025-04-05T19:32:14Z,-0.4650000000000001,0.01,43.06098166666666,-89.46593833333333,64,235,-0.01,AF12
2025-04-05T19:32:15Z,-0.45500000000000007,0,43.06098166666666,-89.46611666666666,NA,235,-0.01,AF12
2025-04-05T19:36:47Z,-0.56,0.02,43.060813333333336,-89.50253166666667,15,235,-0.01,AF12
2025-04-05T19:36:48Z,-0.62,0.04,43.060813333333336,-89.50261333333333,30,235,-0.01,AF12
2025-04-05T19:37:10Z,-0.48,-0.235,43.06084833333333,-89.50649666666666,19,235,-0.015,AF12
2025-04-05T21:38:36Z,-0.44,0,43.14036166666668,-89.51955833333338,NA,237,-0.01,AF12
2025-04-05T21:38:37Z,-0.42,0.16,43.14036333333331,-89.51955666666669,7,237,-0.01,AF12
2025-04-05T21:47:43Z,-0.45000000000000007,0.03,43.13989833333332,-89.38838833333332,NA,237,-0.02,AF12
2025-04-08T00:20:04Z,-0.42,-0.015,43.13283,-89.34903833333334,25,246,-0.045,AF12
2025-04-08T00:49:32Z,-0.42999999999999994,0.03,43.07514,-89.512905,NA,246,-0.03,AF12
2025-04-08T22:06:44Z,-0.51,-0.19,43.186573333333335,-89.43086166666667,12,256,-0.03,AF12
2025-04-08T22:07:47Z,-0.5249999999999999,-0.04,43.18991833333333,-89.43359333333333,20,256,-0.04,AF12
2025-04-08T22:07:48Z,-0.5149999999999999,0,43.189935,-89.43366,36,256,-0.04,AF12
2025-04-09T01:13:11Z,-0.45,-0.24,43.07587,-89.511,7,257,-0.06,AF12
2025-04-09T12:21:16Z,-0.41999999999999993,-0.09,43.07515833333332,-89.51133333333337,30,262,0.03,AF12
2025-04-09T22:44:31Z,-0.42,-0.03,43.07512333333331,-89.51129,36,268,-0.01,AF12
2025-04-10T01:06:42Z,-0.43999999999999995,-0.5,43.075188333333315,-89.44370833333332,46,271,0.01,AF12
2025-04-10T01:06:43Z,-0.41999999999999993,-0.53,43.075246666666686,-89.443855,59,271,0.01,AF12
2025-04-10T01:25:58Z,-0.42,0.15000000000000002,43.07545666666668,-89.45148833333332,NA,271,-0.05,AF12
2025-04-10T01:28:56Z,-0.41999999999999993,-0.16,43.07523833333332,-89.47831,20,271,-0.03,AF12
2025-04-10T01:28:57Z,-0.43999999999999995,-0.16,43.07526,-89.47837166666667,NA,271,-0.03,AF12
2025-04-10T01:28:58Z,-0.5,-0.29000000000000004,43.07528166666668,-89.47847833333331,39,271,-0.03,AF12
2025-04-10T23:13:41Z,-0.41999999999999993,0.03,43.04798333333332,-89.311,2,279,-0.03,AF12
2025-04-10T23:53:27Z,-0.42,-0.065,43.06635166666669,-88.47169833333331,68,279,-0.025,AF12
2025-04-10T23:56:25Z,-0.465,-0.42,43.047185,-88.44241833333331,29,279,-0.04,AF12
2025-04-10T23:56:26Z,-0.615,-0.24,43.04725666666669,-88.442375,41,279,-0.04,AF12
2025-04-10T23:56:27Z,-0.465,-0.16,43.04736333333332,-88.442355,56,279,-0.04,AF12
2025-04-11T00:13:01Z,-0.43,0.055,43.050891666666665,-88.37329666666666,48,279,-0.015,AF12
2025-04-11T00:45:01Z,-0.47,-0.07500000000000001,43.0459,-87.91878,51,279,-0.065,AF12
2025-04-11T08:16:20Z,-0.5049999999999999,0.065,43.04871333333333,-89.33883166666666,19,283,-0.005,AF12
2025-04-11T08:16:21Z,-0.425,0.015,43.048653333333334,-89.33886833333334,29,283,-0.005,AF12
2025-04-11T08:16:22Z,-0.455,-0.005,43.04857833333333,-89.33895,43,283,-0.005,AF12
2025-04-11T08:16:23Z,-0.425,-0.035,43.048473333333334,-89.33906666666667,57,283,-0.005,AF12
2025-04-11T08:30:19Z,-0.43,0.05,43.02256,-89.50447833333334,NA,283,-0.04,AF12
2025-04-14T23:01:34Z,-0.42,-0.15,43.07513333333331,-89.51102333333331,38,308,-0.03,AF12
2025-04-15T04:31:28Z,-0.44,0.02,43.206581666666665,-89.4613,42,311,-0.01,AF12
2025-04-15T04:31:29Z,-0.42,-0.019999999999999997,43.20658,-89.46114,57,311,-0.01,AF12
2025-04-15T04:31:30Z,-0.43,-0.03,43.206581666666665,-89.46090833333334,71,311,-0.01,AF12
2025-04-15T22:45:12Z,-0.42,-0.16999999999999998,43.07516833333333,-89.51128166666666,NA,321,-0.04,AF12
2025-04-18T12:53:52Z,-0.42,0.04,43.14828,-89.47151166666669,40,350,-0.01,AF12
2025-04-19T17:43:57Z,-0.46,0,43.07661,-89.50262,3,364,0.02,AF12
2025-04-24T04:42:49Z,-0.45,0.18,43.17771666666667,-89.41158166666668,52,403,0,AF12
2025-04-24T04:42:50Z,-0.44000000000000006,0.06,43.17785666666668,-89.41161666666667,71,403,0,AF12
2025-04-25T02:53:57Z,-0.42,-0.010000000000000002,43.06044166666667,-89.52293666666667,45,412,0.04,AF12
2025-04-25T02:54:05Z,-0.475,-0.46,43.060631666666666,-89.521895,59,412,-0.01,AF12
2025-04-25T02:54:06Z,-0.455,-0.33999999999999997,43.06075166666667,-89.52194166666666,NA,412,-0.01,AF12
2025-04-25T02:57:38Z,-0.42,-0.315,43.076611666666665,-89.50258833333334,8,412,0.025,AF12
2025-04-26T13:55:37Z,-0.53,0.019999999999999997,43.06093833333333,-89.50278833333333,6,426,0.04,AF12
2025-04-26T13:55:38Z,-0.56,-0.65,43.060896666666665,-89.50279166666667,20,426,0.04,AF12
2025-04-26T19:24:50Z,-0.43999999999999995,-0.010000000000000002,43.053446666666666,-89.50319,18,431,0.05,AF12
2025-04-26T23:04:59Z,-0.4300000000000001,0.03,43.112896666666664,-89.33075666666667,NA,433,-0.01,AF12
2025-04-26T23:05:00Z,-0.54,0.04,43.112895,-89.33076,9,433,-0.01,AF12
2025-04-26T23:05:01Z,-0.55,0.04,43.112925,-89.330715,36,433,-0.01,AF12
2025-04-30T12:43:04Z,-0.44,0.01,43.14820166666668,-89.47155333333332,20,461,-0.01,AF12
2025-04-30T22:30:03Z,-0.43500000000000005,-0.019999999999999997,43.097815,-89.523415,NA,466,0.03,AF12
2025-04-30T22:30:04Z,-0.455,-0.18,43.09773,-89.523455,40,466,0.03,AF12
2025-05-12T16:59:51Z,-0.425,0.02,43.06087666666669,-89.49684833333332,4,477,-0.01,AF12
2025-05-13T22:51:57Z,-0.42,-0.03,43.10594833333333,-89.50887333333333,17,489,-0.01,AF12
2025-05-14T12:43:12Z,-0.43,0.005,43.17372833333334,-89.46000666666667,32,499,0.005,AF12
2025-05-15T12:51:48Z,-0.4300000000000001,0.32,43.075201666666665,-89.51114,19,510,0.01,AF12
2025-05-15T12:51:49Z,-0.45000000000000007,0.05,43.075178333333334,-89.51119,NA,510,0.01,AF12
2025-05-15T12:51:50Z,-0.4600000000000001,-0.03,43.07518,-89.5113,30,510,0.01,AF12
2025-05-15T12:51:51Z,-0.4600000000000001,-0.02,43.07517166666667,-89.51143333333333,56,510,0.01,AF12
2025-05-15T13:09:39Z,-0.47,-0.05,43.17467666666667,-89.433615,25,510,0,AF12
2025-05-15T22:22:23Z,-0.44,0.1,43.155345,-89.43224333333332,17,515,-0.01,AF12
2025-05-15T22:22:24Z,-0.43,-0.03,43.15525333333332,-89.43222833333331,37,515,-0.01,AF12
2025-05-17T13:50:18Z,-0.475,-0.915,43.075163333333336,-89.51278,11,530,-0.035,AF12
2025-05-17T13:50:19Z,-0.5349999999999999,-0.475,43.075115,-89.51273166666667,32,530,-0.035,AF12
2025-05-22T02:27:08Z,-0.45,0.025,43.060988333333334,-89.52209,53,580,-0.015,AF12
2025-05-22T02:27:10Z,-0.42,0.004999999999999999,43.06127333333333,-89.52224166666667,71,580,-0.015,AF12
2025-05-22T12:45:34Z,-0.42,0.05,43.17737833333333,-89.44704,NA,584,-0.01,AF12
2025-05-31T15:26:21Z,-0.43,0.02,43.07533333333332,-89.52112,40,633,-0.01,AF12
2025-05-31T16:32:30Z,-0.4300000000000001,-0.03,43.09744,-89.52354166666669,17,634,0.04,AF12
2025-05-31T22:25:56Z,-0.415,0.135,43.100433333333314,-89.48645666666668,32,638,-0.025,AF12
2025-05-31T22:25:57Z,-0.445,0.015,43.100348333333315,-89.48645833333332,45,638,-0.025,AF12
2025-05-31T22:25:58Z,-0.425,-0.045000000000000005,43.10023,-89.48645833333332,58,638,-0.025,AF12
2025-06-01T05:40:21Z,-0.48999999999999994,-0.045,43.05992833333332,-89.38557666666668,104,645,-0.035,AF12
2025-06-01T05:56:50Z,-0.42,0.015000000000000005,43.076685,-89.50231833333332,23,645,-0.035,AF12
2025-06-02T00:02:23Z,-0.445,0.11,43.075143333333315,-89.51128833333331,25,651,-0.02,AF12
2025-06-02T00:02:24Z,-0.5549999999999999,-0.02,43.07513,-89.51138333333331,37,651,-0.02,AF12
2025-06-05T12:42:15Z,-0.47,0.01,43.191856666666666,-89.46173166666667,22,684,-0.01,AF12
2025-06-10T17:43:25Z,-0.4300000000000001,-0.09,43.19146,-89.42183833333333,17,715,-0.02,AF12
2025-06-13T00:27:32Z,-0.45000000000000007,-0.33,43.07519333333333,-89.51115,21,737,-0.05,AF12
2025-06-13T01:29:55Z,-0.46,-0.16,43.0604,-89.51746,53,737,0,AF12
2025-06-13T23:07:27Z,-0.46,0.12,43.045723333333335,-88.25614666666667,10,747,-0.01,AF12
2025-06-13T23:07:28Z,-0.56,0.06999999999999999,43.04568666666667,-88.256135,26,747,-0.01,AF12
2025-06-16T23:08:12Z,-0.415,0.085,43.07534,-89.52112,NA,770,0.015,AF12
2025-06-17T12:34:43Z,-0.5650000000000001,-0.62,43.075163333333336,-89.51114333333334,NA,775,-0.05,AF12
2025-06-17T23:42:39Z,-0.47,-0.15,43.074403333333336,-89.43365333333334,NA,781,0,AF12
2025-06-24T17:14:27Z,-0.465,0,43.19139166666667,-89.446825,51,810,-0.03,AF12
2025-07-02T22:38:58Z,-0.55,0.36000000000000004,43.147955,-89.43245166666667,NA,885,-0.02,AF12
2025-07-02T22:38:59Z,-0.4900000000000001,0.16,43.14791,-89.432535,NA,885,-0.02,AF12
2025-07-02T22:39:00Z,-0.42,-0.08499999999999999,43.14788333333333,-89.43263166666667,NA,885,0.045,AF12
2025-07-05T04:29:16Z,-0.47,-0.11,43.075091666666665,-89.49613833333333,NA,910,0.01,AF12
2025-07-05T04:29:17Z,-0.46,-0.1,43.075023333333334,-89.49610166666666,NA,910,0.01,AF12
2025-07-07T23:50:33Z,-0.46,-0.025,43.07586666666667,-89.51101333333334,NA,939,-0.005,AF12
2025-07-07T23:50:34Z,-0.45,-0.245,43.075826666666664,-89.51107333333333,NA,939,-0.005,AF12
2025-07-08T12:41:27Z,-0.43500000000000005,0,43.07516,-89.51136666666666,NA,943,-0.05,AF12
2025-07-09T22:18:28Z,-0.495,-0.16499999999999998,43.146445,-89.43938333333334,NA,956,-0.015,AF12
2025-07-09T22:18:29Z,-0.5349999999999999,-0.195,43.146456666666666,-89.43944333333333,NA,956,-0.015,AF12
2025-07-10T13:00:41Z,-0.44000000000000006,-0.03,43.14636,-89.44007833333333,NA,961,0.02,AF12
2025-07-14T12:49:42Z,-0.49,0.14,43.14039833333333,-89.519525,NA,996,0,AF12
2025-07-14T12:49:45Z,-0.42,0,43.140503333333335,-89.519215,NA,996,0,AF12
2025-03-27T16:38:32Z,-0.46,0.010000000000000007,43.07221166666669,-89.4127,NA,1,-0.07,AF13
2025-03-27T16:38:34Z,-0.48,0.05,43.07221166666669,-89.4127,NA,1,-0.07,AF13
2025-03-27T16:38:38Z,-0.6599999999999999,0.55,43.07221166666669,-89.4127,NA,1,-0.07,AF13
2025-03-27T16:38:43Z,-0.5499999999999999,-0.26,43.07221166666669,-89.4127,NA,1,-0.07,AF13
2025-03-27T16:41:46Z,-0.8600000000000001,0.03000000000000001,43.07221666666669,-89.41260833333337,NA,1,-0.07,AF13
2025-03-27T16:41:47Z,-0.95,-0.11,43.07221666666669,-89.41260833333337,NA,1,-0.07,AF13
2025-04-17T22:47:54Z,-0.43999999999999995,-0.060000000000000005,43.04777333333333,-89.473565,NA,84,-0.04,AF14
2025-04-27T23:05:36Z,-0.42,0,43.06868833333331,-89.39262333333332,NA,126,-0.06,AF14
2025-04-30T23:02:55Z,-0.425,-0.04000000000000001,43.063365,-89.40081166666667,10,140,-0.06,AF14
2025-05-25T15:06:44Z,-0.42,-0.010000000000000002,43.067785,-89.40108333333333,NA,241,-0.03,AF14
2025-04-07T16:08:51Z,-0.44,-0.26999999999999996,43.073071666666664,-89.412285,NA,1,-0.33,AF15
2025-04-07T16:08:52Z,-0.47,-0.35999999999999993,43.073071666666664,-89.412285,NA,1,-0.33,AF15
2025-04-07T16:08:56Z,-1.12,0.2,43.073071666666664,-89.412285,NA,1,-0.33,AF15
2025-04-07T16:08:58Z,-0.51,-0.010000000000000007,43.073071666666664,-89.412285,NA,1,-0.33,AF15
2025-04-07T16:08:59Z,-0.5599999999999999,0.36,43.073071666666664,-89.412285,NA,1,-0.33,AF15
2025-04-07T16:09:00Z,-0.695,0.215,43.073071666666664,-89.412285,NA,1,0.005,AF15
2025-04-07T16:09:01Z,-0.865,0.375,43.073071666666664,-89.412285,NA,1,0.005,AF15
2025-04-07T16:09:02Z,-0.975,0.415,43.073071666666664,-89.412285,NA,1,0.005,AF15
2025-04-07T16:09:03Z,-0.975,0.485,43.073071666666664,-89.412285,NA,1,0.005,AF15
2025-04-07T16:09:07Z,-0.575,-1.045,43.073071666666664,-89.412285,NA,1,0.005,AF15
2025-04-07T16:09:08Z,-0.745,-0.885,43.073071666666664,-89.412285,NA,1,0.005,AF15
2025-04-07T16:09:09Z,-0.825,-0.475,43.073071666666664,-89.412285,NA,1,0.005,AF15
2025-04-07T16:09:10Z,-0.975,-0.385,43.073071666666664,-89.412285,NA,1,0.005,AF15
2025-04-07T16:09:11Z,-0.905,-0.505,43.073071666666664,-89.412285,NA,1,0.005,AF15
2025-04-07T16:09:12Z,-0.455,-0.485,43.073071666666664,-89.412285,NA,1,0.005,AF15
2025-04-07T16:09:59Z,-0.595,-0.395,43.073071666666664,-89.412285,NA,1,0.005,AF15
2025-04-07T16:10:00Z,-0.77,-0.43999999999999995,43.073071666666664,-89.412285,NA,1,-0.03,AF15
2025-04-07T16:10:01Z,-0.44,-0.18,43.073071666666664,-89.412285,NA,1,-0.03,AF15
2025-04-07T16:10:11Z,-1.01,0,43.073071666666664,-89.412285,NA,1,-0.03,AF15
2025-04-07T16:10:12Z,-1.08,-0.010000000000000002,43.073071666666664,-89.412285,NA,1,-0.03,AF15
2025-04-07T16:10:13Z,-1.07,-0.03,43.073071666666664,-89.412285,NA,1,-0.03,AF15
2025-04-19T11:23:33Z,-0.45,-0.039999999999999994,43.077596666666665,-89.38798,10,52,-0.02,AF15
2025-04-19T22:51:02Z,-0.43,0.010000000000000002,43.07687833333333,-89.38721,NA,54,-0.05,AF15
2025-04-20T12:50:17Z,-0.43,-0.010000000000000002,43.07758,-89.38797,NA,58,-0.03,AF15
2025-04-20T12:50:19Z,-0.44,-0.04000000000000001,43.077535,-89.38792,29,58,-0.03,AF15
2025-04-20T12:50:20Z,-0.43,-0.04000000000000001,43.077481666666664,-89.38785166666666,41,58,-0.03,AF15
2025-04-22T18:50:52Z,-0.45,-0.020000000000000004,43.038725,-89.40411166666668,3,75,-0.03,AF15
2025-04-30T11:18:17Z,-0.43999999999999995,0,43.07758333333334,-89.38804166666667,NA,106,-0.02,AF15
2025-04-30T11:18:18Z,-0.42,-0.03,43.07758166666667,-89.38803666666666,11,106,-0.02,AF15
2025-04-30T11:18:19Z,-0.43999999999999995,-0.009999999999999998,43.07756833333333,-89.38798333333334,25,106,-0.02,AF15
2025-05-07T11:16:54Z,-0.46,-0.020000000000000004,43.07758,-89.38802166666667,2,127,-0.03,AF15
2025-05-07T11:16:58Z,-0.42,-0.03,43.07738833333332,-89.38776666666669,50,127,-0.03,AF15
2025-05-10T18:26:44Z,-0.44,-0.03,41.99037833333333,-87.67127666666667,9,143,-0.01,AF15
2025-05-11T21:05:57Z,-0.42,-0.09,43.220868333333314,-88.103435,24,148,-0.02,AF15
2025-05-11T21:05:58Z,-0.4300000000000001,-0.06999999999999999,43.22087,-88.103365,NA,148,-0.02,AF15
2025-05-19T17:56:29Z,-0.425,0,43.06059,-89.52353166666667,39,168,-0.02,AF15
2025-05-19T18:14:35Z,-0.43,-0.020000000000000004,43.04159666666666,-89.393945,9,168,-0.05,AF15
2025-05-21T11:22:16Z,-0.42,-0.15000000000000002,43.077575,-89.38792333333332,27,181,-0.02,AF15
2025-05-23T23:42:54Z,-0.43,-0.4,43.06777833333332,-89.40473166666669,15,197,-0.01,AF15
2025-05-25T14:33:59Z,-0.43,-0.05,43.0728,-89.40916333333334,NA,206,-0.02,AF15
2025-05-25T17:08:59Z,-0.46,0,43.12632833333333,-89.31012166666666,NA,207,-0.01,AF15
2025-06-04T18:22:25Z,-0.415,-0.16,43.076745,-89.39250666666666,25,235,0,AF15
2025-06-05T16:30:59Z,-0.44,-0.02,43.07755,-89.38800333333333,8,240,-0.02,AF15
2025-06-05T16:31:00Z,-0.43,-0.04,43.07752,-89.38796,19,240,0,AF15
2025-06-05T16:31:01Z,-0.44,-0.02,43.077481666666664,-89.38791666666667,32,240,0,AF15
2025-06-05T16:31:02Z,-0.43,-0.09,43.07741,-89.38782666666667,44,240,0,AF15
2025-06-06T03:56:35Z,-0.485,-0.05,43.07584166666667,-89.39928833333333,34,243,-0.06,AF15
2025-06-07T12:43:32Z,-0.45,0.009999999999999997,42.94681833333333,-89.279595,NA,248,-0.06,AF15
2025-06-15T11:26:14Z,-0.415,-0.010000000000000002,43.07752833333333,-89.388025,NA,290,-0.03,AF15
2025-06-20T18:36:40Z,-0.45,-0.12,43.09383166666669,-89.34118333333332,7,302,-0.01,AF15
2025-06-21T15:28:57Z,-0.43,-0.23,43.07745666666667,-89.38781,NA,307,-0.02,AF15
2025-07-02T11:24:53Z,-0.43,0.02,43.07757333333333,-89.38801,NA,362,-0.02,AF15
2025-07-07T17:39:59Z,-0.42,-0.1,43.064385,-88.47134833333334,NA,391,-0.01,AF15
2025-07-09T19:00:49Z,-0.45,0.009999999999999998,43.117145,-89.324375,NA,402,-0.03,AF15
2025-07-14T20:23:18Z,-0.425,0.010000000000000007,41.91984333333333,-87.69135,NA,418,-0.07,AF15
2025-04-14T21:24:00Z,-0.53,0.46,43.07221333333333,-89.41269666666666,NA,1,0.01,AF16
2025-04-14T21:27:06Z,-1.02,-0.02,43.072233333333315,-89.41269833333337,NA,1,0.01,AF16
2025-04-14T21:27:07Z,-1.02,-0.02,43.07223666666668,-89.41269833333337,NA,1,0.01,AF16
2025-04-14T21:27:08Z,-1.01,-0.02,43.07223833333332,-89.41269666666668,NA,1,0.01,AF16
2025-04-14T21:27:09Z,-1.01,-0.02,43.07224,-89.41269333333332,NA,1,0.01,AF16
2025-04-14T21:27:10Z,-1.01,-0.02,43.072241666666685,-89.412695,NA,1,0.01,AF16
2025-04-14T21:27:11Z,-1.01,-0.02,43.07224333333332,-89.412695,NA,1,0.01,AF16
2025-04-14T21:27:12Z,-1.01,-0.02,43.07224333333332,-89.412695,NA,1,0.01,AF16
2025-04-14T21:27:13Z,-1.01,-0.02,43.07224333333332,-89.412695,NA,1,0.01,AF16
2025-04-14T21:27:14Z,-1.01,-0.02,43.07224333333332,-89.412695,NA,1,0.01,AF16
2025-04-14T21:27:15Z,-1.01,-0.02,43.07224333333332,-89.412695,NA,1,0.01,AF16
2025-04-14T21:27:16Z,-1.07,-0.38,43.07224333333332,-89.412695,NA,1,0.01,AF16
2025-04-14T21:27:17Z,-0.84,-0.45,43.07224333333332,-89.412695,NA,1,0.01,AF16
2025-05-22T15:45:50Z,-0.45,-0.04,43.067706666666666,-89.40066,NA,248,-0.04,AF16
2025-04-17T14:40:13Z,-0.59,-0.305,43.07140333333332,-89.41369666666668,NA,1,-0.065,AF17
2025-04-17T14:40:23Z,-0.63,-0.255,43.07140333333332,-89.41369666666668,NA,1,-0.065,AF17
2025-04-17T14:40:24Z,-0.6,-1.105,43.07140333333332,-89.41369666666668,NA,1,-0.065,AF17
2025-04-17T14:40:33Z,-0.47,-0.375,43.07140333333332,-89.41369666666668,NA,1,-0.065,AF17
2025-04-17T14:40:34Z,-0.57,-0.275,43.07140333333332,-89.41369666666668,NA,1,-0.065,AF17
2025-04-17T14:40:36Z,-0.63,-0.135,43.07140333333332,-89.41369666666668,NA,1,-0.065,AF17
2025-04-17T14:40:37Z,-0.7300000000000001,-0.145,43.07140333333332,-89.41369666666668,NA,1,-0.065,AF17
2025-04-17T14:41:05Z,-0.525,-0.5149999999999999,43.07140333333332,-89.41369666666668,NA,1,0.15499999999999997,AF17
2025-04-17T14:44:36Z,-0.42,-0.63,43.072241666666685,-89.41299166666668,NA,1,-0.02,AF17
2025-04-17T14:44:40Z,-0.5,-0.06,43.07231333333331,-89.41297333333331,NA,1,-0.02,AF17
2025-04-17T14:44:41Z,-0.5,-0.03,43.07231666666668,-89.41297333333331,NA,1,-0.02,AF17
2025-04-17T14:44:42Z,-0.49,-0.009999999999999998,43.07231666666668,-89.412975,NA,1,-0.02,AF17
2025-04-17T14:44:43Z,-0.48,-0.06,43.07231666666668,-89.41297666666668,NA,1,-0.02,AF17
2025-04-17T14:44:44Z,-0.47,-0.1,43.072315,-89.41297833333331,NA,1,-0.02,AF17
2025-04-17T14:44:45Z,-0.69,-0.11,43.07231333333331,-89.41297833333331,NA,1,-0.02,AF17
2025-04-17T14:44:46Z,-0.76,-0.09,43.07231333333331,-89.41298,NA,1,-0.02,AF17
2025-04-17T14:44:47Z,-0.7899999999999999,-0.1,43.07231333333331,-89.41298166666668,NA,1,-0.02,AF17
2025-04-17T14:44:48Z,-0.7999999999999999,-0.12,43.07231333333331,-89.41298166666668,NA,1,-0.02,AF17
2025-04-17T14:44:49Z,-0.8099999999999999,-0.12,43.07231333333331,-89.41298333333332,NA,1,-0.02,AF17
2025-04-17T14:44:50Z,-0.8099999999999999,-0.12,43.07231333333331,-89.41298333333332,NA,1,-0.02,AF17
2025-04-17T14:44:51Z,-0.8099999999999999,-0.12,43.07231333333331,-89.41298333333332,NA,1,-0.02,AF17
2025-04-30T17:42:08Z,-0.44,-0.49,43.19439333333333,-89.451715,27,118,0.01,AF17
2025-04-30T22:38:12Z,-0.415,-0.060000000000000005,43.206336666666665,-89.43667666666667,NA,123,-0.04,AF17
2025-06-02T13:08:18Z,-0.425,0.03,43.190016666666665,-89.29230833333334,14,343,-0.06,AF17
2025-06-05T12:29:27Z,-0.42,-0.29000000000000004,43.19196,-89.45499333333333,13,367,-0.03,AF17
2025-07-07T15:49:03Z,-0.48,0.02,43.12533,-89.30895166666667,NA,967,-0.04,AF17
2025-04-23T21:13:17Z,-0.6000000000000001,-0.08500000000000002,43.0731166666667,-89.4132733333333,NA,1,-0.315,AF18
2025-04-23T21:14:39Z,-0.61,0.32999999999999996,43.0731166666667,-89.4132733333333,NA,1,-0.03,AF18
2025-04-23T21:14:40Z,-0.67,0.72,43.0731166666667,-89.4132733333333,NA,1,-0.03,AF18
2025-04-23T21:14:41Z,-0.71,0.76,43.0731166666667,-89.4132733333333,NA,1,-0.03,AF18
2025-04-23T21:14:42Z,-0.79,0.6900000000000001,43.0731166666667,-89.4132733333333,NA,1,-0.03,AF18
2025-04-23T21:14:43Z,-0.76,0.67,43.0731166666667,-89.4132733333333,NA,1,-0.03,AF18
2025-04-23T21:14:44Z,-0.69,0.8200000000000001,43.0731166666667,-89.4132733333333,NA,1,-0.03,AF18
2025-04-23T21:14:45Z,-0.69,0.79,43.0731166666667,-89.4132733333333,NA,1,-0.03,AF18
2025-04-23T21:14:46Z,-0.71,0.8,43.0731166666667,-89.4132733333333,NA,1,-0.03,AF18
2025-04-23T21:14:47Z,-0.66,0.8200000000000001,43.0731166666667,-89.4132733333333,NA,1,-0.03,AF18
2025-04-23T21:14:48Z,-0.66,0.8200000000000001,43.0731166666667,-89.4132733333333,NA,1,-0.03,AF18
2025-04-23T21:14:49Z,-0.66,0.8,43.0731166666667,-89.4132733333333,NA,1,-0.03,AF18
2025-04-23T21:14:50Z,-0.65,0.79,43.0731166666667,-89.4132733333333,NA,1,-0.03,AF18
2025-04-23T21:14:51Z,-0.89,0.66,43.0731166666667,-89.4132733333333,NA,1,-0.03,AF18
2025-04-23T21:14:52Z,-0.86,0.7000000000000001,43.0731166666667,-89.4132733333333,NA,1,-0.03,AF18
2025-04-23T21:14:53Z,-0.87,0.6900000000000001,43.0731166666667,-89.4132733333333,NA,1,-0.03,AF18
2025-04-23T21:14:54Z,-0.75,0.73,43.0731166666667,-89.4132733333333,NA,1,-0.03,AF18
2025-04-23T21:14:55Z,-0.76,0.75,43.0731166666667,-89.4132733333333,NA,1,-0.03,AF18
2025-04-23T21:14:56Z,-0.77,0.73,43.0731166666667,-89.4132733333333,NA,1,-0.03,AF18
2025-04-23T21:14:57Z,-0.63,0.36,43.0731166666667,-89.4132733333333,NA,1,-0.03,AF18
2025-04-23T21:14:58Z,-0.5,0.26,43.0731166666667,-89.4132733333333,NA,1,-0.03,AF18
2025-04-23T21:19:07Z,-1,-0.36,43.07222666666668,-89.41272333333332,NA,1,-0.01,AF18
2025-04-23T21:19:08Z,-1,-0.37,43.07222666666668,-89.41272333333332,NA,1,-0.01,AF18
2025-04-23T21:19:09Z,-1.01,-0.4,43.07222666666668,-89.41272333333332,NA,1,-0.01,AF18
2025-04-23T21:19:10Z,-1.04,-0.35,43.07222666666668,-89.41272333333332,NA,1,-0.01,AF18
2025-04-23T21:19:11Z,-1.02,-0.36,43.07222666666668,-89.41272333333332,NA,1,-0.01,AF18
2025-04-23T21:19:12Z,-1.02,-0.36,43.07222666666668,-89.41272333333332,NA,1,-0.01,AF18
2025-04-23T21:19:13Z,-1.02,-0.36,43.07222666666668,-89.41272333333332,0,1,-0.01,AF18
2025-04-23T21:19:14Z,-1.02,-0.36,43.07222666666668,-89.41272333333332,NA,1,-0.01,AF18
2025-04-23T21:19:15Z,-1.02,-0.36,43.07222666666668,-89.41272333333332,NA,1,-0.01,AF18
2025-04-23T21:19:16Z,-1.02,-0.36,43.07222666666668,-89.41272333333332,NA,1,-0.01,AF18
2025-04-23T21:19:17Z,-1.02,-0.36,43.07222666666668,-89.41272333333332,NA,1,-0.01,AF18
2025-04-23T21:19:18Z,-1.02,-0.36,43.07222666666668,-89.41272333333332,NA,1,-0.01,AF18
2025-04-23T21:19:19Z,-1.02,-0.36,43.07222666666668,-89.41272333333332,NA,1,-0.01,AF18
2025-04-23T21:19:20Z,-1.02,-0.37,43.07222666666668,-89.41272333333332,NA,1,-0.01,AF18
2025-04-23T21:19:21Z,-1.06,-0.38,43.07222666666668,-89.41272333333332,NA,1,-0.01,AF18
2025-04-23T21:19:22Z,-0.96,-0.24,43.07222666666668,-89.41272333333332,NA,1,-0.01,AF18
2025-04-23T21:19:23Z,-0.99,-0.27,43.07222666666668,-89.41272333333332,NA,1,-0.01,AF18
2025-04-23T21:19:24Z,-1.04,-0.32,43.07222666666668,-89.41272333333332,NA,1,-0.01,AF18
2025-05-13T20:11:40Z,-0.69,-0.5700000000000001,NA,NA,NA,1,-0.08,AF20
2025-05-13T20:11:42Z,-0.88,-0.77,NA,NA,NA,1,-0.08,AF20
2025-05-13T20:11:43Z,-0.5499999999999999,-0.79,NA,NA,NA,1,-0.08,AF20
2025-05-13T20:11:44Z,-0.6599999999999999,-0.64,NA,NA,NA,1,-0.08,AF20
2025-05-13T20:11:45Z,-0.83,-0.43,NA,NA,NA,1,-0.08,AF20
2025-05-13T20:11:46Z,-0.47,-0.63,NA,NA,NA,1,-0.08,AF20
2025-05-13T20:12:57Z,-0.42,0.30000000000000004,43.071125,-89.40847,NA,2,0.16,AF20
2025-05-13T20:14:00Z,-0.975,-0.65,43.071125,-89.40847,NA,2,0.01,AF20
2025-05-13T20:14:01Z,-0.995,-0.54,43.071125,-89.40847,NA,2,0.01,AF20
2025-05-13T20:14:02Z,-0.6749999999999999,-0.25,43.071125,-89.40847,NA,2,0.01,AF20
2025-05-13T20:14:03Z,-0.695,-0.53,43.071125,-89.40847,NA,2,0.01,AF20
2025-05-13T20:14:04Z,-0.6849999999999999,-0.52,43.071125,-89.40847,NA,2,0.01,AF20
2025-05-31T20:01:05Z,-0.465,-0.41,NA,NA,NA,1,-0.1,AF21
2025-05-31T20:01:06Z,-0.555,-0.6900000000000001,NA,NA,NA,1,-0.1,AF21
2025-05-31T20:01:07Z,-0.6849999999999999,-0.36,NA,NA,NA,1,-0.1,AF21
2025-05-31T20:01:44Z,-1.135,0.04000000000000001,NA,NA,NA,1,-0.1,AF21
2025-05-31T20:01:45Z,-0.625,0.11,NA,NA,NA,1,-0.1,AF21
2025-05-31T20:01:46Z,-1.015,0.05,NA,NA,NA,1,-0.1,AF21
2025-05-31T20:02:07Z,-0.99,0.045,NA,NA,NA,1,-0.095,AF21
2025-05-31T20:02:08Z,-1.09,0.115,NA,NA,NA,1,-0.095,AF21
2025-05-31T20:02:09Z,-0.4300000000000001,-0.18500000000000005,NA,NA,NA,1,-0.095,AF21
2025-05-31T20:16:41Z,-0.49,-0.14,43.072138333333335,-89.41273333333334,NA,2,-0.09,AF21
2025-05-31T20:16:44Z,-0.96,-0.1,43.072138333333335,-89.41273333333334,NA,2,-0.09,AF21
2025-05-31T20:16:45Z,-1.26,0,43.07214833333333,-89.41273833333334,NA,2,-0.09,AF21
2025-05-31T20:16:46Z,-1.02,-0.18000000000000002,43.07214666666667,-89.41274333333334,NA,2,-0.09,AF21
2025-05-31T20:16:47Z,-0.6799999999999999,-0.27,43.072145,-89.41274666666666,NA,2,-0.09,AF21
2025-05-31T20:16:48Z,-0.61,-0.25,43.072145,-89.41274666666666,NA,2,-0.09,AF21
2025-05-31T20:19:09Z,-0.485,-0.255,43.072363333333335,-89.41283833333334,NA,2,0.195,AF21
2025-05-31T20:19:36Z,-0.495,0.10499999999999998,43.072298333333336,-89.412855,NA,2,0.195,AF21
2025-05-31T20:19:37Z,-0.495,-0.485,43.072298333333336,-89.412855,NA,2,0.195,AF21
2025-05-31T20:19:39Z,-0.42499999999999993,0.21499999999999997,43.072298333333336,-89.412855,NA,2,0.195,AF21
2025-05-31T20:19:40Z,-0.955,-0.095,43.072298333333336,-89.412855,NA,2,0.195,AF21
2025-05-31T20:19:57Z,-0.6649999999999999,-0.475,43.07227666666667,-89.412875,NA,2,0.195,AF21
2025-05-31T20:19:58Z,-0.725,-0.935,43.07227666666667,-89.412875,NA,2,0.195,AF21
2025-05-31T20:19:59Z,-0.515,-1.165,43.072275,-89.412875,NA,2,0.195,AF21
